Word,Count,Salience,Word on Sentiment List #1: List1,Word on Sentiment List #2: List2,Word on Sentiment List #3: List3
Sentiment List#1,Positive,,,,
Sentiment List#2,Negative,,,,
Sentiment List#3,(Add your own word list),,,,
Words in Sentiment List#1,1504,0.039,,,
Words in Sentiment List#2,465,0.012,,,
Words in Sentiment List#3,0,0.000,,,
Non-categorized Words,36639,0.949,,,
Total Words,38608,1.000,,,
wetlands,348,0.014,FALSE,FALSE,FALSE
biodiversity,198,0.010,FALSE,FALSE,FALSE
#worldwetlandsday,193,0.009,FALSE,FALSE,FALSE
#ecosystemservices,180,0.009,FALSE,FALSE,FALSE
water,170,0.008,FALSE,FALSE,FALSE
#wetlands,131,0.007,FALSE,FALSE,FALSE
#biodiversity,120,0.007,FALSE,FALSE,FALSE
livelihoods,108,0.006,FALSE,FALSE,FALSE
management,106,0.007,FALSE,FALSE,FALSE
health,104,0.006,FALSE,FALSE,FALSE
forest,102,0.007,FALSE,FALSE,FALSE
carbon,98,0.007,FALSE,FALSE,FALSE
climate,92,0.006,FALSE,FALSE,FALSE
value,86,0.006,FALSE,FALSE,FALSE
wetland,85,0.006,FALSE,FALSE,FALSE
world,82,0.006,FALSE,FALSE,FALSE
food,80,0.006,FALSE,FALSE,FALSE
nature,76,0.005,FALSE,FALSE,FALSE
#actforwetlands,76,0.005,FALSE,FALSE,FALSE
natural,75,0.005,FALSE,FALSE,FALSE
protect,70,0.005,TRUE,FALSE,FALSE
science,70,0.005,FALSE,FALSE,FALSE
change,67,0.005,FALSE,FALSE,FALSE
assessment,67,0.005,FALSE,FALSE,FALSE
restoration,65,0.005,FALSE,FALSE,FALSE
life,64,0.005,FALSE,FALSE,FALSE
ecosystems,59,0.004,FALSE,FALSE,FALSE
benefits,59,0.005,TRUE,FALSE,FALSE
mercury,57,0.006,FALSE,FALSE,FALSE
people,56,0.004,FALSE,FALSE,FALSE
land,56,0.004,FALSE,FALSE,FALSE
local,56,0.004,FALSE,FALSE,FALSE
know,56,0.005,FALSE,FALSE,FALSE
policy,56,0.004,FALSE,FALSE,FALSE
#generationrestoration,56,0.004,FALSE,FALSE,FALSE
sustainable,55,0.004,TRUE,FALSE,FALSE
conservation,53,0.004,FALSE,FALSE,FALSE
urban,52,0.005,FALSE,FALSE,FALSE
environmental,52,0.004,FALSE,FALSE,FALSE
economic,51,0.004,FALSE,FALSE,FALSE
#ecosystem,50,0.004,FALSE,FALSE,FALSE
human,50,0.004,FALSE,FALSE,FALSE
ground,47,0.004,FALSE,FALSE,FALSE
soil,46,0.004,FALSE,FALSE,FALSE
habitats,44,0.004,FALSE,FALSE,FALSE
support,44,0.004,TRUE,FALSE,FALSE
flood,42,0.004,FALSE,FALSE,FALSE
key,42,0.004,FALSE,FALSE,FALSE
global,41,0.003,FALSE,FALSE,FALSE
habitat,41,0.003,FALSE,FALSE,FALSE
coastal,41,0.004,FALSE,FALSE,FALSE
development,41,0.003,FALSE,FALSE,FALSE
forests,40,0.004,FALSE,FALSE,FALSE
vital,39,0.003,FALSE,FALSE,FALSE
freshwater,39,0.003,FALSE,FALSE,FALSE
mitigation,39,0.003,FALSE,FALSE,FALSE
#worldwetlandday,39,0.003,FALSE,FALSE,FALSE
#climatechange,35,0.003,FALSE,FALSE,FALSE
essential,35,0.003,FALSE,FALSE,FALSE
planet,35,0.003,FALSE,FALSE,FALSE
national,35,0.003,FALSE,FALSE,FALSE
service,35,0.003,FALSE,FALSE,FALSE
species,33,0.003,FALSE,FALSE,FALSE
wildlife,33,0.003,FALSE,FALSE,FALSE
loss,33,0.003,FALSE,TRUE,FALSE
4,33,0.003,FALSE,FALSE,FALSE
impacts,33,0.003,FALSE,FALSE,FALSE
intergovernmental,32,0.003,FALSE,FALSE,FALSE
approaches,32,0.003,FALSE,FALSE,FALSE
institute,32,0.003,FALSE,FALSE,FALSE
restore,31,0.003,FALSE,FALSE,FALSE
critical,30,0.003,FALSE,TRUE,FALSE
air,30,0.003,FALSE,FALSE,FALSE
traits,30,0.003,FALSE,FALSE,FALSE
areas,30,0.003,FALSE,FALSE,FALSE
affect,30,0.003,FALSE,FALSE,FALSE
reducing,30,0.003,FALSE,FALSE,FALSE
cultural,29,0.003,FALSE,FALSE,FALSE
part,29,0.003,FALSE,FALSE,FALSE
theme,29,0.003,FALSE,FALSE,FALSE
root,29,0.003,FALSE,FALSE,FALSE
protection,28,0.003,TRUE,FALSE,FALSE
landscape,28,0.003,FALSE,FALSE,FALSE
phenotyping,28,0.003,FALSE,FALSE,FALSE
genetic,28,0.003,FALSE,FALSE,FALSE
performance,28,0.003,FALSE,FALSE,FALSE
solutions,27,0.003,FALSE,FALSE,FALSE
clean,27,0.003,TRUE,FALSE,FALSE
healthy,27,0.003,TRUE,FALSE,FALSE
ecological,27,0.003,FALSE,FALSE,FALSE
#nature,26,0.002,FALSE,FALSE,FALSE
save,26,0.002,FALSE,FALSE,FALSE
#sdgs,26,0.003,FALSE,FALSE,FALSE
issue,26,0.003,FALSE,TRUE,FALSE
governance,26,0.002,FALSE,FALSE,FALSE
sequestration,26,0.002,FALSE,FALSE,FALSE
modelling,26,0.002,FALSE,FALSE,FALSE
technology,26,0.002,FALSE,FALSE,FALSE
range,25,0.002,FALSE,FALSE,FALSE
degradation,25,0.002,FALSE,TRUE,FALSE
foods,25,0.003,FALSE,FALSE,FALSE
indian,25,0.002,FALSE,FALSE,FALSE
'valuation,25,0.002,FALSE,FALSE,FALSE
landscape',25,0.002,FALSE,FALSE,FALSE
communities,24,0.002,FALSE,FALSE,FALSE
quality,24,0.002,FALSE,FALSE,FALSE
actions,24,0.002,FALSE,FALSE,FALSE
security,24,0.002,FALSE,FALSE,FALSE
impact,24,0.002,FALSE,FALSE,FALSE
negative,24,0.002,FALSE,TRUE,FALSE
tourism,23,0.002,FALSE,FALSE,FALSE
community,23,0.002,FALSE,FALSE,FALSE
supply,23,0.002,FALSE,FALSE,FALSE
models,23,0.002,FALSE,FALSE,FALSE
emissions,23,0.002,FALSE,FALSE,FALSE
developing,22,0.002,FALSE,FALSE,FALSE
face,21,0.002,FALSE,FALSE,FALSE
purification,21,0.002,FALSE,FALSE,FALSE
sustain,21,0.002,FALSE,FALSE,FALSE
#africa,21,0.002,FALSE,FALSE,FALSE
source,20,0.002,FALSE,FALSE,FALSE
control,20,0.002,FALSE,FALSE,FALSE
investment,20,0.002,FALSE,FALSE,FALSE
recreational,20,0.002,FALSE,FALSE,FALSE
opportunities,20,0.002,FALSE,FALSE,FALSE
protecting,20,0.002,FALSE,FALSE,FALSE
effects,20,0.002,FALSE,FALSE,FALSE
#fornature,20,0.002,FALSE,FALSE,FALSE
degraded,20,0.002,FALSE,FALSE,FALSE
enhance,20,0.002,TRUE,FALSE,FALSE
#highseas,20,0.002,FALSE,FALSE,FALSE
reservoirs,20,0.002,FALSE,FALSE,FALSE
multitude,20,0.002,FALSE,FALSE,FALSE
ambitious,20,0.002,TRUE,FALSE,FALSE
#highseastreaty,20,0.002,FALSE,FALSE,FALSE
#listentotheocean,20,0.002,FALSE,FALSE,FALSE
#oneoceanoneplanet,20,0.002,FALSE,FALSE,FALSE
#bbnj,20,0.002,FALSE,FALSE,FALSE
approach,19,0.002,FALSE,FALSE,FALSE
farmers,19,0.002,FALSE,FALSE,FALSE
park,19,0.002,FALSE,FALSE,FALSE
unsustainable,19,0.002,FALSE,TRUE,FALSE
selection,19,0.002,FALSE,FALSE,FALSE
fish,19,0.002,FALSE,FALSE,FALSE
#pollution,19,0.002,FALSE,FALSE,FALSE
releases,19,0.002,FALSE,FALSE,FALSE
exposures,19,0.002,FALSE,FALSE,FALSE
replenish,19,0.002,FALSE,FALSE,FALSE
markets,18,0.002,FALSE,FALSE,FALSE
living,18,0.002,FALSE,FALSE,FALSE
sites,18,0.002,FALSE,FALSE,FALSE
#climateaction,18,0.002,FALSE,FALSE,FALSE
lands,18,0.002,FALSE,FALSE,FALSE
field,18,0.002,FALSE,FALSE,FALSE
altitude,18,0.002,FALSE,FALSE,FALSE
#himalaya,18,0.002,FALSE,FALSE,FALSE
systems,17,0.002,FALSE,FALSE,FALSE
resources,17,0.002,FALSE,FALSE,FALSE
coral,17,0.002,FALSE,FALSE,FALSE
knowledge,17,0.002,FALSE,FALSE,FALSE
marine,17,0.002,FALSE,FALSE,FALSE
birds,17,0.002,FALSE,FALSE,FALSE
chance,17,0.002,FALSE,FALSE,FALSE
mapping,17,0.002,FALSE,FALSE,FALSE
multiple,17,0.002,FALSE,FALSE,FALSE
supporting,17,0.002,TRUE,FALSE,FALSE
losing,17,0.002,FALSE,TRUE,FALSE
asian,16,0.002,FALSE,FALSE,FALSE
maintain,16,0.002,FALSE,FALSE,FALSE
explore,16,0.002,FALSE,FALSE,FALSE
adaptation,16,0.002,FALSE,FALSE,FALSE
scale,16,0.002,FALSE,FALSE,FALSE
#wetlandsday,16,0.002,FALSE,FALSE,FALSE
interlinkages,16,0.002,FALSE,FALSE,FALSE
conserve,16,0.002,FALSE,FALSE,FALSE
valuable,15,0.002,TRUE,FALSE,FALSE
resilience,15,0.002,FALSE,FALSE,FALSE
trees,15,0.002,FALSE,FALSE,FALSE
benefit,15,0.002,TRUE,FALSE,FALSE
agricultural,15,0.002,FALSE,FALSE,FALSE
canada,15,0.002,FALSE,FALSE,FALSE
producing,15,0.002,FALSE,FALSE,FALSE
diverse,15,0.002,FALSE,FALSE,FALSE
councils,15,0.002,FALSE,FALSE,FALSE
pollinators,15,0.002,FALSE,FALSE,FALSE
#rwanda,15,0.002,FALSE,FALSE,FALSE
tonnes,14,0.002,FALSE,FALSE,FALSE
co2,14,0.002,FALSE,FALSE,FALSE
#worldwetlandsday2022,14,0.002,FALSE,FALSE,FALSE
sector,14,0.002,FALSE,FALSE,FALSE
cover,14,0.002,FALSE,FALSE,FALSE
time,14,0.002,FALSE,FALSE,FALSE
capital,14,0.002,FALSE,FALSE,FALSE
economy,14,0.002,FALSE,FALSE,FALSE
home,14,0.002,FALSE,FALSE,FALSE
special,14,0.002,FALSE,FALSE,FALSE
policies,14,0.002,FALSE,FALSE,FALSE
significant,14,0.002,TRUE,FALSE,FALSE
dowitcher,14,0.002,FALSE,FALSE,FALSE
adapted,14,0.002,FALSE,FALSE,FALSE
production,14,0.002,FALSE,FALSE,FALSE
trade,14,0.002,FALSE,FALSE,FALSE
farming,14,0.002,FALSE,FALSE,FALSE
eu,14,0.002,FALSE,FALSE,FALSE
inspiring,14,0.002,TRUE,FALSE,FALSE
business,14,0.002,FALSE,FALSE,FALSE
live,13,0.001,FALSE,FALSE,FALSE
cities,13,0.001,FALSE,FALSE,FALSE
earth,13,0.001,FALSE,FALSE,FALSE
plants,13,0.001,FALSE,FALSE,FALSE
rivers,13,0.001,FALSE,FALSE,FALSE
agriculture,13,0.001,FALSE,FALSE,FALSE
provision,13,0.001,FALSE,FALSE,FALSE
ontario,13,0.001,FALSE,FALSE,FALSE
spaces,13,0.001,FALSE,FALSE,FALSE
produce,13,0.001,FALSE,FALSE,FALSE
#environment,13,0.001,FALSE,FALSE,FALSE
#wetlandsnature4people,13,0.001,FALSE,FALSE,FALSE
mental,13,0.001,FALSE,FALSE,FALSE
blue,13,0.001,FALSE,FALSE,FALSE
mandatory,13,0.001,FALSE,FALSE,FALSE
losses,12,0.001,FALSE,TRUE,FALSE
boon,12,0.001,FALSE,FALSE,FALSE
#equatorprize,12,0.001,FALSE,FALSE,FALSE
globally,12,0.001,FALSE,FALSE,FALSE
values,12,0.001,FALSE,FALSE,FALSE
valuation,12,0.001,FALSE,FALSE,FALSE
different,12,0.001,FALSE,FALSE,FALSE
distribution,12,0.001,FALSE,FALSE,FALSE
improve,12,0.001,TRUE,FALSE,FALSE
supports,12,0.001,TRUE,FALSE,FALSE
storage,12,0.001,FALSE,FALSE,FALSE
mangrove,12,0.001,FALSE,FALSE,FALSE
#water,12,0.001,FALSE,FALSE,FALSE
action,12,0.001,FALSE,FALSE,FALSE
cocoa,12,0.002,FALSE,FALSE,FALSE
sea,12,0.001,FALSE,FALSE,FALSE
social,12,0.001,FALSE,FALSE,FALSE
chains,12,0.001,FALSE,FALSE,FALSE
#cameroon,12,0.001,FALSE,FALSE,FALSE
sleepless,12,0.001,FALSE,FALSE,FALSE
nights,12,0.001,FALSE,FALSE,FALSE
experts,12,0.001,FALSE,FALSE,FALSE
practices,11,0.001,FALSE,FALSE,FALSE
#climatecrisis,11,0.001,FALSE,FALSE,FALSE
protected,11,0.001,FALSE,FALSE,FALSE
conserving,11,0.001,FALSE,FALSE,FALSE
wealth,11,0.001,FALSE,FALSE,FALSE
made,11,0.001,FALSE,FALSE,FALSE
river,11,0.001,FALSE,FALSE,FALSE
regulation,11,0.001,FALSE,FALSE,FALSE
maintaining,11,0.001,FALSE,FALSE,FALSE
develop,11,0.001,FALSE,FALSE,FALSE
filtration,11,0.001,FALSE,FALSE,FALSE
act,11,0.001,FALSE,FALSE,FALSE
nutrient,11,0.001,FALSE,FALSE,FALSE
measure,11,0.001,FALSE,FALSE,FALSE
training,11,0.001,FALSE,FALSE,FALSE
activity,11,0.001,FALSE,FALSE,FALSE
island,11,0.001,FALSE,FALSE,FALSE
lead,11,0.001,TRUE,FALSE,FALSE
pearl,11,0.001,FALSE,FALSE,FALSE
committee,11,0.001,FALSE,FALSE,FALSE
innovative,11,0.001,TRUE,FALSE,FALSE
interactions,11,0.001,FALSE,FALSE,FALSE
increase,11,0.001,FALSE,FALSE,FALSE
poor,11,0.001,FALSE,TRUE,FALSE
maps,11,0.001,FALSE,FALSE,FALSE
play,10,0.001,FALSE,FALSE,FALSE
ecology,10,0.001,FALSE,FALSE,FALSE
accounting,10,0.001,FALSE,FALSE,FALSE
fresh,10,0.001,TRUE,FALSE,FALSE
society,10,0.001,FALSE,FALSE,FALSE
risk,10,0.001,FALSE,TRUE,FALSE
expansion,10,0.001,FALSE,FALSE,FALSE
tomorrow,10,0.001,FALSE,FALSE,FALSE
filter,10,0.001,FALSE,FALSE,FALSE
tool,10,0.001,FALSE,FALSE,FALSE
erosion,10,0.001,FALSE,TRUE,FALSE
awareness,10,0.001,FALSE,FALSE,FALSE
seagrass,10,0.001,FALSE,FALSE,FALSE
beds,10,0.001,FALSE,FALSE,FALSE
#ecosystemrestoration,10,0.001,FALSE,FALSE,FALSE
#soil,10,0.001,FALSE,FALSE,FALSE
planning,10,0.001,FALSE,FALSE,FALSE
countries,10,0.001,FALSE,FALSE,FALSE
farm,10,0.001,FALSE,FALSE,FALSE
chair,10,0.001,FALSE,FALSE,FALSE
'biodiversity,10,0.001,FALSE,FALSE,FALSE
pandemics,10,0.001,FALSE,FALSE,FALSE
workshop',10,0.001,FALSE,FALSE,FALSE
asia,10,0.001,FALSE,FALSE,FALSE
#opensource,10,0.001,FALSE,FALSE,FALSE
weedsandwellies,10,0.001,FALSE,FALSE,FALSE
seed,10,0.001,FALSE,FALSE,FALSE
reverse,10,0.001,FALSE,FALSE,FALSE
efficient,10,0.001,TRUE,FALSE,FALSE
million,9,0.001,FALSE,FALSE,FALSE
#sustainable,9,0.001,FALSE,FALSE,FALSE
stores,9,0.001,FALSE,FALSE,FALSE
access,9,0.001,FALSE,FALSE,FALSE
reduce,9,0.001,FALSE,FALSE,FALSE
w,9,0.001,FALSE,FALSE,FALSE
#naturebasedsolutions,9,0.001,FALSE,FALSE,FALSE
needed,9,0.001,FALSE,FALSE,FALSE
found,9,0.001,FALSE,FALSE,FALSE
increased,9,0.001,FALSE,FALSE,FALSE
roadmap,9,0.001,FALSE,FALSE,FALSE
discuss,9,0.001,FALSE,FALSE,FALSE
#pollinators,9,0.001,FALSE,FALSE,FALSE
both,9,0.001,FALSE,FALSE,FALSE
promoting,9,0.001,FALSE,FALSE,FALSE
lakes,9,0.001,FALSE,FALSE,FALSE
plans,9,0.001,FALSE,FALSE,FALSE
finance,9,0.001,FALSE,FALSE,FALSE
integrated,9,0.001,TRUE,FALSE,FALSE
sustainability,9,0.001,TRUE,FALSE,FALSE
residents,9,0.001,FALSE,FALSE,FALSE
availability,9,0.001,FALSE,FALSE,FALSE
discussing,9,0.001,FALSE,FALSE,FALSE
exciting,9,0.001,TRUE,FALSE,FALSE
matters,9,0.001,FALSE,FALSE,FALSE
shout,9,0.001,FALSE,FALSE,FALSE
mountain,9,0.001,FALSE,FALSE,FALSE
cmcc,9,0.001,FALSE,FALSE,FALSE
increasing,9,0.001,FALSE,FALSE,FALSE
offer,9,0.001,FALSE,FALSE,FALSE
storing,9,0.001,FALSE,FALSE,FALSE
renewable,9,0.001,FALSE,FALSE,FALSE
sykeint,9,0.001,FALSE,FALSE,FALSE
green,9,0.001,FALSE,FALSE,FALSE
serve,9,0.001,FALSE,FALSE,FALSE
pollution,9,0.001,FALSE,FALSE,FALSE
groundwater,9,0.001,FALSE,FALSE,FALSE
#conservation,9,0.001,FALSE,FALSE,FALSE
#restorewetlands,9,0.001,FALSE,FALSE,FALSE
aesthetic,9,0.001,FALSE,FALSE,FALSE
#restoration,9,0.001,FALSE,FALSE,FALSE
hill,9,0.001,FALSE,FALSE,FALSE
#citieswithnature,9,0.001,FALSE,FALSE,FALSE
#regionswithnature,9,0.001,FALSE,FALSE,FALSE
connectivity,9,0.001,FALSE,FALSE,FALSE
m,9,0.001,FALSE,FALSE,FALSE
existing,9,0.001,FALSE,FALSE,FALSE
traditional,9,0.001,FALSE,FALSE,FALSE
#agriculture,9,0.001,FALSE,FALSE,FALSE
europeanforest,9,0.001,FALSE,FALSE,FALSE
heartiest,9,0.001,FALSE,FALSE,FALSE
kumar,9,0.001,FALSE,FALSE,FALSE
nibio_no,9,0.001,FALSE,FALSE,FALSE
salmonid,9,0.001,FALSE,FALSE,FALSE
recording,9,0.001,FALSE,FALSE,FALSE
#scs2022,9,0.001,FALSE,FALSE,FALSE
broad,9,0.001,FALSE,FALSE,FALSE
spectrum,9,0.001,FALSE,FALSE,FALSE
sciences,9,0.001,FALSE,FALSE,FALSE
exp,9,0.001,FALSE,FALSE,FALSE
paleoclimate,9,0.001,FALSE,FALSE,FALSE
observations,9,0.001,FALSE,FALSE,FALSE
adap,9,0.001,FALSE,FALSE,FALSE
strat,9,0.001,FALSE,FALSE,FALSE
biodiv,9,0.001,FALSE,FALSE,FALSE
#climatereport,9,0.001,FALSE,FALSE,FALSE
#bhuresearchflash,9,0.001,FALSE,FALSE,FALSE
#makingbhuproud,9,0.001,FALSE,FALSE,FALSE
kr,9,0.001,FALSE,FALSE,FALSE
tested,9,0.001,FALSE,FALSE,FALSE
humans,8,0.001,FALSE,FALSE,FALSE
become,8,0.001,FALSE,FALSE,FALSE
article,8,0.001,FALSE,FALSE,FALSE
market,8,0.001,FALSE,FALSE,FALSE
del,8,0.001,FALSE,FALSE,FALSE
tree,8,0.001,FALSE,FALSE,FALSE
creation,8,0.001,FALSE,FALSE,FALSE
celebrating,8,0.001,FALSE,FALSE,FALSE
mangroves,8,0.001,FALSE,FALSE,FALSE
sinks,8,0.001,FALSE,FALSE,FALSE
model,8,0.001,FALSE,FALSE,FALSE
store,8,0.001,FALSE,FALSE,FALSE
network,8,0.001,FALSE,FALSE,FALSE
stress,8,0.001,FALSE,TRUE,FALSE
test,8,0.001,FALSE,FALSE,FALSE
assessing,8,0.001,FALSE,FALSE,FALSE
public,8,0.001,FALSE,FALSE,FALSE
livestock,8,0.001,FALSE,FALSE,FALSE
manage,8,0.001,FALSE,FALSE,FALSE
considered,8,0.001,FALSE,FALSE,FALSE
costs,8,0.001,FALSE,FALSE,FALSE
economics,8,0.001,FALSE,FALSE,FALSE
currency,8,0.001,FALSE,FALSE,FALSE
#landscapes,8,0.001,FALSE,FALSE,FALSE
celebrate,8,0.001,TRUE,FALSE,FALSE
understanding,8,0.001,FALSE,FALSE,FALSE
hear,8,0.001,FALSE,FALSE,FALSE
past,8,0.001,FALSE,FALSE,FALSE
nichinstitute,8,0.001,FALSE,FALSE,FALSE
2021,8,0.001,FALSE,FALSE,FALSE
ha,8,0.001,FALSE,FALSE,FALSE
servirglobal,8,0.001,FALSE,FALSE,FALSE
activities,8,0.001,FALSE,FALSE,FALSE
free,8,0.001,TRUE,FALSE,FALSE
ratio,8,0.001,FALSE,FALSE,FALSE
native,8,0.001,FALSE,FALSE,FALSE
focuses,8,0.001,FALSE,FALSE,FALSE
glimpses,8,0.001,FALSE,FALSE,FALSE
journey,8,0.001,FALSE,FALSE,FALSE
#indiawaterfoundation,8,0.001,FALSE,FALSE,FALSE
beyond,8,0.001,FALSE,FALSE,FALSE
prevention,8,0.001,FALSE,FALSE,FALSE
flooding,8,0.001,FALSE,FALSE,FALSE
africa,8,0.001,FALSE,FALSE,FALSE
once,8,0.001,FALSE,FALSE,FALSE
peru,8,0.001,FALSE,FALSE,FALSE
#ecosystems,8,0.001,FALSE,FALSE,FALSE
info,8,0.001,FALSE,FALSE,FALSE
stakeholders,8,0.001,FALSE,FALSE,FALSE
higher,8,0.001,FALSE,FALSE,FALSE
reports,8,0.001,FALSE,FALSE,FALSE
foundation,8,0.001,FALSE,FALSE,FALSE
level,8,0.001,FALSE,FALSE,FALSE
cifor,8,0.001,FALSE,FALSE,FALSE
unep,8,0.001,FALSE,FALSE,FALSE
safeguard,8,0.001,FALSE,FALSE,FALSE
interested,8,0.001,FALSE,FALSE,FALSE
blog,8,0.001,FALSE,FALSE,FALSE
saving,8,0.001,FALSE,FALSE,FALSE
recreation,8,0.001,FALSE,FALSE,FALSE
experiences,8,0.001,FALSE,FALSE,FALSE
offs,8,0.001,FALSE,FALSE,FALSE
tech,8,0.001,FALSE,FALSE,FALSE
ways,8,0.001,FALSE,FALSE,FALSE
absorb,8,0.001,FALSE,FALSE,FALSE
desert,8,0.001,FALSE,TRUE,FALSE
true,8,0.001,FALSE,FALSE,FALSE
soils,8,0.001,FALSE,FALSE,FALSE
fascinated,8,0.001,FALSE,FALSE,FALSE
candidate,8,0.001,FALSE,FALSE,FALSE
irp,8,0.001,FALSE,FALSE,FALSE
invaluable,8,0.001,TRUE,FALSE,FALSE
bees,8,0.001,FALSE,FALSE,FALSE
innoforest,8,0.001,FALSE,FALSE,FALSE
inspire,8,0.001,TRUE,FALSE,FALSE
#forestry,8,0.001,FALSE,FALSE,FALSE
videos,8,0.001,FALSE,FALSE,FALSE
briefs,8,0.001,FALSE,FALSE,FALSE
brochures,8,0.001,FALSE,FALSE,FALSE
infographics,8,0.001,FALSE,FALSE,FALSE
last,8,0.001,FALSE,FALSE,FALSE
aries,8,0.001,FALSE,FALSE,FALSE
masterclass,8,0.001,FALSE,FALSE,FALSE
third,8,0.001,FALSE,FALSE,FALSE
rewatch,8,0.001,FALSE,FALSE,FALSE
grasp,8,0.001,FALSE,FALSE,FALSE
semantic,8,0.001,FALSE,FALSE,FALSE
#esp21asia,8,0.001,FALSE,FALSE,FALSE
#ai,8,0.001,FALSE,FALSE,FALSE
#tech4good,8,0.001,FALSE,FALSE,FALSE
#fairdata,8,0.001,FALSE,FALSE,FALSE
contributions,8,0.001,FALSE,FALSE,FALSE
esp,8,0.001,FALSE,FALSE,FALSE
#conference,8,0.001,FALSE,FALSE,FALSE
tropics,8,0.001,FALSE,FALSE,FALSE
diadromous,8,0.001,FALSE,FALSE,FALSE
#diadesproject,8,0.001,FALSE,FALSE,FALSE
#seriousgame,8,0.001,FALSE,FALSE,FALSE
managers,8,0.001,FALSE,FALSE,FALSE
options,8,0.001,FALSE,FALSE,FALSE
azti_brta,8,0.001,FALSE,FALSE,FALSE
lots,8,0.001,FALSE,FALSE,FALSE
fun,8,0.001,TRUE,FALSE,FALSE
perennial,8,0.001,FALSE,FALSE,FALSE
jappliedecology,8,0.001,FALSE,FALSE,FALSE
seas,8,0.001,FALSE,FALSE,FALSE
international,7,0.001,FALSE,FALSE,FALSE
payments,7,0.001,FALSE,FALSE,FALSE
sustainably,7,0.001,FALSE,FALSE,FALSE
el,7,0.001,FALSE,FALSE,FALSE
restoring,7,0.001,FALSE,FALSE,FALSE
threats,7,0.001,FALSE,TRUE,FALSE
retention,7,0.001,FALSE,FALSE,FALSE
nutrients,7,0.001,FALSE,FALSE,FALSE
put,7,0.001,FALSE,FALSE,FALSE
reading,7,0.001,FALSE,FALSE,FALSE
interdisciplinary,7,0.001,FALSE,FALSE,FALSE
farmer,7,0.001,FALSE,FALSE,FALSE
ocean,7,0.001,FALSE,FALSE,FALSE
urgent,7,0.001,FALSE,TRUE,FALSE
#forest,7,0.001,FALSE,FALSE,FALSE
projects,7,0.001,FALSE,FALSE,FALSE
managed,7,0.001,FALSE,FALSE,FALSE
processes,7,0.001,FALSE,FALSE,FALSE
rural,7,0.001,FALSE,FALSE,FALSE
region,7,0.001,FALSE,FALSE,FALSE
products,7,0.001,FALSE,FALSE,FALSE
ondiri,7,0.001,FALSE,FALSE,FALSE
ramsar,7,0.001,FALSE,FALSE,FALSE
unique,7,0.001,FALSE,FALSE,FALSE
news,7,0.001,FALSE,FALSE,FALSE
goal,7,0.001,FALSE,FALSE,FALSE
partnership,7,0.001,FALSE,FALSE,FALSE
marsh,7,0.001,FALSE,FALSE,FALSE
recreating,7,0.001,FALSE,FALSE,FALSE
pressure,7,0.001,FALSE,FALSE,FALSE
restored,7,0.001,TRUE,FALSE,FALSE
animals,7,0.001,FALSE,FALSE,FALSE
depend,7,0.001,FALSE,FALSE,FALSE
y,7,0.001,FALSE,FALSE,FALSE
#natcapinvest,7,0.001,FALSE,FALSE,FALSE
really,7,0.001,FALSE,FALSE,FALSE
preserve,7,0.001,FALSE,FALSE,FALSE
sir,7,0.001,FALSE,FALSE,FALSE
mainstreaming,7,0.001,FALSE,FALSE,FALSE
icraf,7,0.001,FALSE,FALSE,FALSE
spot,7,0.001,FALSE,FALSE,FALSE
game,7,0.001,FALSE,FALSE,FALSE
reserves,7,0.001,FALSE,FALSE,FALSE
findings,7,0.001,FALSE,FALSE,FALSE
payment,7,0.001,FALSE,FALSE,FALSE
down,7,0.001,FALSE,FALSE,FALSE
seminar,7,0.001,FALSE,FALSE,FALSE
enjoy,7,0.001,TRUE,FALSE,FALSE
base,7,0.001,FALSE,FALSE,FALSE
enhancing,7,0.001,FALSE,FALSE,FALSE
highlighted,7,0.001,FALSE,FALSE,FALSE
methods,7,0.001,FALSE,FALSE,FALSE
dutch,7,0.001,FALSE,FALSE,FALSE
st,7,0.001,FALSE,FALSE,FALSE
led,7,0.001,TRUE,FALSE,FALSE
wisely,7,0.001,TRUE,FALSE,FALSE
obtain,7,0.001,FALSE,FALSE,FALSE
enjoyment,7,0.001,TRUE,FALSE,FALSE
physical,7,0.001,FALSE,FALSE,FALSE
spiritual,7,0.001,TRUE,FALSE,FALSE
remains,7,0.001,FALSE,FALSE,FALSE
particularly,7,0.001,FALSE,FALSE,FALSE
edu,7,0.001,FALSE,FALSE,FALSE
hint,7,0.001,FALSE,FALSE,FALSE
clients,7,0.001,FALSE,FALSE,FALSE
uses,7,0.001,FALSE,FALSE,FALSE
schemes,7,0.001,FALSE,FALSE,FALSE
#compost,7,0.001,FALSE,FALSE,FALSE
#biochar,7,0.001,FALSE,FALSE,FALSE
incorporated,7,0.001,FALSE,FALSE,FALSE
#interdisciplinary,7,0.001,FALSE,FALSE,FALSE
sponges,7,0.001,FALSE,FALSE,FALSE
runoff,7,0.001,FALSE,FALSE,FALSE
slowing,7,0.001,FALSE,FALSE,FALSE
volume,7,0.001,FALSE,FALSE,FALSE
entering,7,0.001,FALSE,FALSE,FALSE
winner,7,0.001,TRUE,FALSE,FALSE
rueang,7,0.001,FALSE,FALSE,FALSE
fought,7,0.001,FALSE,FALSE,FALSE
mil,7,0.001,FALSE,FALSE,FALSE
knha473vgm,7,0.001,FALSE,FALSE,FALSE
8sfpsovmse,7,0.001,FALSE,FALSE,FALSE
#sciencepolicy,7,0.001,FALSE,FALSE,FALSE
chaired,7,0.001,FALSE,FALSE,FALSE
eevaprimmer,7,0.001,FALSE,FALSE,FALSE
panellists,7,0.001,FALSE,FALSE,FALSE
sincereforests,7,0.001,FALSE,FALSE,FALSE
georg,7,0.001,FALSE,FALSE,FALSE
winkel,7,0.001,FALSE,FALSE,FALSE
earlier,7,0.001,FALSE,FALSE,FALSE
efigovernance,7,0.001,FALSE,FALSE,FALSE
everyone,7,0.001,FALSE,FALSE,FALSE
drylands,7,0.001,FALSE,FALSE,FALSE
income,7,0.001,FALSE,FALSE,FALSE
exploring,7,0.001,FALSE,FALSE,FALSE
malawi,7,0.001,FALSE,FALSE,FALSE
bsc,7,0.001,FALSE,FALSE,FALSE
geography,7,0.001,FALSE,FALSE,FALSE
geographyuow,7,0.001,FALSE,FALSE,FALSE
worcester_uni,7,0.001,FALSE,FALSE,FALSE
comprehensive,7,0.001,TRUE,FALSE,FALSE
prospective,7,0.001,FALSE,FALSE,FALSE
weighed,7,0.001,FALSE,FALSE,FALSE
#updatethenppf,7,0.001,FALSE,FALSE,FALSE
girona,7,0.001,FALSE,FALSE,FALSE
uni,7,0.001,FALSE,FALSE,FALSE
udggovern,7,0.001,FALSE,FALSE,FALSE
enrigarau,7,0.001,FALSE,FALSE,FALSE
presenting,7,0.001,FALSE,FALSE,FALSE
31,7,0.001,FALSE,FALSE,FALSE
11am,7,0.001,FALSE,FALSE,FALSE
connect,7,0.001,FALSE,FALSE,FALSE
virtually,7,0.001,FALSE,FALSE,FALSE
properties,7,0.001,FALSE,FALSE,FALSE
#vacancy,7,0.001,FALSE,FALSE,FALSE
ideal,7,0.001,TRUE,FALSE,FALSE
celebrated,7,0.001,TRUE,FALSE,FALSE
assist,7,0.001,FALSE,FALSE,FALSE
thriving,7,0.001,TRUE,FALSE,FALSE
country,7,0.001,FALSE,FALSE,FALSE
bordering,7,0.001,FALSE,FALSE,FALSE
baltic,7,0.001,FALSE,FALSE,FALSE
citizen,7,0.001,FALSE,FALSE,FALSE
taking,7,0.001,FALSE,FALSE,FALSE
norwegian,7,0.001,FALSE,FALSE,FALSE
mussels,7,0.001,FALSE,FALSE,FALSE
gt,7,0.001,FALSE,FALSE,FALSE
#espafrica,7,0.001,FALSE,FALSE,FALSE
nzrqwwe9yn,7,0.001,FALSE,FALSE,FALSE
#green,7,0.001,FALSE,FALSE,FALSE
crypto,7,0.001,FALSE,FALSE,FALSE
downstream,6,0.001,FALSE,FALSE,FALSE
con,6,0.001,FALSE,FALSE,FALSE
finding,6,0.001,FALSE,FALSE,FALSE
swamp,6,0.001,FALSE,FALSE,FALSE
growing,6,0.001,FALSE,FALSE,FALSE
area,6,0.001,FALSE,FALSE,FALSE
bill,6,0.001,FALSE,FALSE,FALSE
helping,6,0.001,TRUE,FALSE,FALSE
#forests,6,0.001,FALSE,FALSE,FALSE
director,6,0.001,FALSE,FALSE,FALSE
6,6,0.001,FALSE,FALSE,FALSE
further,6,0.001,FALSE,FALSE,FALSE
fao,6,0.001,FALSE,FALSE,FALSE
billions,6,0.001,FALSE,FALSE,FALSE
marks,6,0.001,FALSE,FALSE,FALSE
mitigating,6,0.001,FALSE,FALSE,FALSE
program,6,0.001,FALSE,FALSE,FALSE
held,6,0.001,FALSE,FALSE,FALSE
migratory,6,0.001,FALSE,FALSE,FALSE
crops,6,0.001,FALSE,FALSE,FALSE
davis,6,0.001,FALSE,FALSE,FALSE
analysis,6,0.001,FALSE,FALSE,FALSE
relation,6,0.001,FALSE,FALSE,FALSE
organized,6,0.001,FALSE,FALSE,FALSE
sectors,6,0.001,FALSE,FALSE,FALSE
meadows,6,0.001,FALSE,FALSE,FALSE
riparian,6,0.001,FALSE,FALSE,FALSE
limited,6,0.001,FALSE,TRUE,FALSE
system,6,0.001,FALSE,FALSE,FALSE
numerous,6,0.001,FALSE,FALSE,FALSE
state,6,0.001,FALSE,FALSE,FALSE
governments,6,0.001,FALSE,FALSE,FALSE
think,6,0.001,FALSE,FALSE,FALSE
fishing,6,0.001,FALSE,FALSE,FALSE
contribution,6,0.001,TRUE,FALSE,FALSE
implications,6,0.001,FALSE,FALSE,FALSE
southeastern,6,0.001,FALSE,FALSE,FALSE
u,6,0.001,FALSE,FALSE,FALSE
march,6,0.001,FALSE,FALSE,FALSE
identify,6,0.001,FALSE,FALSE,FALSE
#food,6,0.001,FALSE,FALSE,FALSE
#urbanwetlands,6,0.001,FALSE,FALSE,FALSE
trca_hq,6,0.001,FALSE,FALSE,FALSE
inc,6,0.001,FALSE,FALSE,FALSE
rouge,6,0.001,FALSE,FALSE,FALSE
rougepark,6,0.001,FALSE,FALSE,FALSE
canada's,6,0.001,FALSE,FALSE,FALSE
incl,6,0.001,FALSE,FALSE,FALSE
few,6,0.001,FALSE,FALSE,FALSE
mpa,6,0.001,FALSE,FALSE,FALSE
disappearing,6,0.001,FALSE,FALSE,FALSE
hotspots,6,0.001,FALSE,FALSE,FALSE
journal,6,0.001,FALSE,FALSE,FALSE
sediment,6,0.001,FALSE,FALSE,FALSE
reaching,6,0.001,FALSE,FALSE,FALSE
functions,6,0.001,FALSE,FALSE,FALSE
crucial,6,0.001,FALSE,FALSE,FALSE
photo,6,0.001,FALSE,FALSE,FALSE
prize,6,0.001,TRUE,FALSE,FALSE
wellbeing,6,0.001,TRUE,FALSE,FALSE
visit,6,0.001,FALSE,FALSE,FALSE
building,6,0.001,FALSE,FALSE,FALSE
tangible,6,0.001,FALSE,FALSE,FALSE
iucn,6,0.001,FALSE,FALSE,FALSE
conflicting,6,0.001,FALSE,TRUE,FALSE
02,6,0.001,FALSE,FALSE,FALSE
again,6,0.001,FALSE,FALSE,FALSE
grenada,6,0.001,FALSE,FALSE,FALSE
solution,6,0.001,FALSE,FALSE,FALSE
cerrado,6,0.001,FALSE,FALSE,FALSE
#mangroves,6,0.001,FALSE,FALSE,FALSE
requires,6,0.001,FALSE,FALSE,FALSE
infrastructure,6,0.001,FALSE,FALSE,FALSE
place,6,0.001,FALSE,FALSE,FALSE
decline,6,0.001,FALSE,TRUE,FALSE
maesjoachim,6,0.001,FALSE,FALSE,FALSE
robert_costanza's,6,0.001,FALSE,FALSE,FALSE
director's,6,0.001,FALSE,FALSE,FALSE
interconnections,6,0.001,FALSE,FALSE,FALSE
ask,6,0.001,FALSE,FALSE,FALSE
costanza,6,0.001,FALSE,FALSE,FALSE
complex,6,0.001,FALSE,TRUE,FALSE
researchers,6,0.001,FALSE,FALSE,FALSE
degree,6,0.001,FALSE,FALSE,FALSE
maria,6,0.001,FALSE,FALSE,FALSE
es,6,0.001,FALSE,FALSE,FALSE
andersen_inger,6,0.001,FALSE,FALSE,FALSE
#wetlandwonders,6,0.001,FALSE,FALSE,FALSE
books,6,0.001,FALSE,FALSE,FALSE
call,6,0.001,FALSE,FALSE,FALSE
#mussel,6,0.001,FALSE,FALSE,FALSE
evolve,6,0.001,FALSE,FALSE,FALSE
keen,6,0.001,TRUE,FALSE,FALSE
#fisheries,6,0.001,FALSE,FALSE,FALSE
fieldwork,6,0.001,FALSE,FALSE,FALSE
rlamnhpvij,6,0.001,FALSE,FALSE,FALSE
ones,6,0.001,FALSE,FALSE,FALSE
disservices,6,0.001,FALSE,FALSE,FALSE
makhanda,6,0.001,FALSE,FALSE,FALSE
rm,6,0.001,FALSE,FALSE,FALSE
resnet,6,0.001,FALSE,FALSE,FALSE
student,6,0.001,FALSE,FALSE,FALSE
theories,6,0.001,FALSE,FALSE,FALSE
#leveragepoints,6,0.001,FALSE,FALSE,FALSE
supervised,6,0.001,FALSE,FALSE,FALSE
juliambaird,6,0.001,FALSE,FALSE,FALSE
gordon_hickey,6,0.001,FALSE,FALSE,FALSE
busustainable,6,0.001,FALSE,FALSE,FALSE
collaborative,6,0.001,FALSE,FALSE,FALSE
moredun,6,0.001,FALSE,FALSE,FALSE
sruc,6,0.001,FALSE,FALSE,FALSE
pathogen,6,0.001,FALSE,FALSE,FALSE
transmission,6,0.001,FALSE,FALSE,FALSE
#sruckirkton,6,0.001,FALSE,FALSE,FALSE
davymccracken,6,0.001,FALSE,FALSE,FALSE
sefariscot,6,0.001,FALSE,FALSE,FALSE
commodity,6,0.001,FALSE,FALSE,FALSE
#ghana,6,0.001,FALSE,FALSE,FALSE
producer,6,0.001,FALSE,FALSE,FALSE
analysed,6,0.001,FALSE,FALSE,FALSE
shaded,6,0.001,FALSE,FALSE,FALSE
sun,6,0.001,FALSE,FALSE,FALSE
innovations,6,0.001,FALSE,FALSE,FALSE
two,6,0.001,FALSE,FALSE,FALSE
vacancies,6,0.001,FALSE,FALSE,FALSE
teal,6,0.001,FALSE,FALSE,FALSE
dams,6,0.001,FALSE,FALSE,FALSE
contact,6,0.001,FALSE,FALSE,FALSE
p,6,0.001,FALSE,FALSE,FALSE
macreadie,6,0.001,FALSE,FALSE,FALSE
deakin,6,0.001,FALSE,FALSE,FALSE
au,6,0.001,FALSE,FALSE,FALSE
attach,6,0.001,FALSE,FALSE,FALSE
cv,6,0.001,FALSE,FALSE,FALSE
letter,6,0.001,FALSE,FALSE,FALSE
trout,6,0.001,FALSE,FALSE,FALSE
always,6,0.001,FALSE,FALSE,FALSE
absorbing,6,0.001,FALSE,FALSE,FALSE
launching,6,0.001,FALSE,FALSE,FALSE
covering,6,0.001,FALSE,FALSE,FALSE
followed,6,0.001,FALSE,FALSE,FALSE
overview,6,0.001,FALSE,FALSE,FALSE
inherent,6,0.001,FALSE,FALSE,FALSE
podcast,6,0.001,FALSE,FALSE,FALSE
offre,6,0.001,FALSE,FALSE,FALSE
stage,6,0.001,FALSE,FALSE,FALSE
internship,6,0.001,FALSE,FALSE,FALSE
pes,6,0.001,FALSE,FALSE,FALSE
beta_economics,6,0.001,FALSE,FALSE,FALSE
inrae_nancy,6,0.001,FALSE,FALSE,FALSE
revolutionary,6,0.001,TRUE,FALSE,FALSE
same,6,0.001,FALSE,FALSE,FALSE
#wildflower,6,0.001,FALSE,FALSE,FALSE
strips,6,0.001,FALSE,FALSE,FALSE
mixes,6,0.001,FALSE,FALSE,FALSE
effective,6,0.001,TRUE,FALSE,FALSE
agri,6,0.001,FALSE,FALSE,FALSE
counteract,6,0.001,FALSE,FALSE,FALSE
rangelands,6,0.001,FALSE,FALSE,FALSE
term,5,0.001,FALSE,FALSE,FALSE
managing,5,0.001,FALSE,FALSE,FALSE
más,5,0.001,FALSE,FALSE,FALSE
landscapes,5,0.001,FALSE,FALSE,FALSE
reuang,5,0.001,FALSE,FALSE,FALSE
thailand,5,0.001,FALSE,FALSE,FALSE
shows,5,0.001,FALSE,FALSE,FALSE
won,5,0.001,TRUE,FALSE,FALSE
focused,5,0.001,FALSE,FALSE,FALSE
peri,5,0.001,FALSE,FALSE,FALSE
ability,5,0.001,FALSE,FALSE,FALSE
number,5,0.001,FALSE,FALSE,FALSE
gdp,5,0.001,FALSE,FALSE,FALSE
basin,5,0.001,FALSE,FALSE,FALSE
lake,5,0.001,FALSE,FALSE,FALSE
lucky,5,0.001,TRUE,FALSE,FALSE
surrounded,5,0.001,FALSE,FALSE,FALSE
house,5,0.001,FALSE,FALSE,FALSE
waterfowl,5,0.001,FALSE,FALSE,FALSE
shorebirds,5,0.001,FALSE,FALSE,FALSE
adapting,5,0.001,FALSE,FALSE,FALSE
jan,5,0.001,FALSE,FALSE,FALSE
hosted,5,0.001,FALSE,FALSE,FALSE
private,5,0.001,FALSE,FALSE,FALSE
precious,5,0.001,TRUE,FALSE,FALSE
plant,5,0.001,FALSE,FALSE,FALSE
map,5,0.001,FALSE,FALSE,FALSE
learnt,5,0.001,FALSE,FALSE,FALSE
competition,5,0.001,FALSE,FALSE,FALSE
transition,5,0.001,FALSE,FALSE,FALSE
#bioeconomy,5,0.001,FALSE,FALSE,FALSE
tools,5,0.001,FALSE,FALSE,FALSE
colleagues,5,0.001,FALSE,FALSE,FALSE
scientists,5,0.001,FALSE,FALSE,FALSE
attention,5,0.001,FALSE,FALSE,FALSE
scenarios,5,0.001,FALSE,FALSE,FALSE
societal,5,0.001,FALSE,FALSE,FALSE
provisioning,5,0.001,FALSE,FALSE,FALSE
helped,5,0.001,TRUE,FALSE,FALSE
complete,5,0.001,FALSE,FALSE,FALSE
take,5,0.001,FALSE,FALSE,FALSE
going,5,0.001,FALSE,FALSE,FALSE
planting,5,0.001,FALSE,FALSE,FALSE
framework,5,0.001,FALSE,FALSE,FALSE
topics,5,0.001,FALSE,FALSE,FALSE
focus,5,0.001,FALSE,FALSE,FALSE
answer,5,0.001,FALSE,FALSE,FALSE
abundant,5,0.001,TRUE,FALSE,FALSE
feel,5,0.001,FALSE,FALSE,FALSE
yes,5,0.001,FALSE,FALSE,FALSE
ll,5,0.001,FALSE,FALSE,FALSE
nursery,5,0.001,FALSE,FALSE,FALSE
ecotourism,5,0.001,FALSE,FALSE,FALSE
integrating,5,0.001,FALSE,FALSE,FALSE
12,5,0.001,FALSE,FALSE,FALSE
30pm,5,0.001,FALSE,FALSE,FALSE
analyzing,5,0.001,FALSE,FALSE,FALSE
wide,5,0.001,FALSE,FALSE,FALSE
come,5,0.001,FALSE,FALSE,FALSE
peace,5,0.001,TRUE,FALSE,FALSE
#urbanplanning,5,0.001,FALSE,FALSE,FALSE
kenya,5,0.001,FALSE,FALSE,FALSE
real,5,0.001,FALSE,FALSE,FALSE
position,5,0.001,FALSE,FALSE,FALSE
decision,5,0.001,FALSE,FALSE,FALSE
online,5,0.001,FALSE,FALSE,FALSE
geospatial,5,0.001,FALSE,FALSE,FALSE
#serviramazonia,5,0.001,FALSE,FALSE,FALSE
biovintciat_eng,5,0.001,FALSE,FALSE,FALSE
cgiar,5,0.001,FALSE,FALSE,FALSE
nasaearth,5,0.001,FALSE,FALSE,FALSE
ripple,5,0.001,FALSE,FALSE,FALSE
effect,5,0.001,FALSE,FALSE,FALSE
shea,5,0.001,FALSE,FALSE,FALSE
#burkinafaso,5,0.001,FALSE,FALSE,FALSE
warming,5,0.001,FALSE,FALSE,FALSE
components,5,0.001,FALSE,FALSE,FALSE
deep,5,0.001,FALSE,FALSE,FALSE
22,5,0.001,FALSE,FALSE,FALSE
flow,5,0.001,FALSE,FALSE,FALSE
reliable,5,0.001,TRUE,FALSE,FALSE
potable,5,0.001,FALSE,FALSE,FALSE
shield,5,0.001,FALSE,FALSE,FALSE
storm,5,0.001,FALSE,FALSE,FALSE
unfavorable,5,0.001,FALSE,TRUE,FALSE
build,5,0.001,FALSE,FALSE,FALSE
directly,5,0.001,FALSE,FALSE,FALSE
destruction,5,0.001,FALSE,TRUE,FALSE
finds,5,0.001,FALSE,FALSE,FALSE
india's,5,0.001,FALSE,FALSE,FALSE
kubernein,5,0.001,FALSE,FALSE,FALSE
fire,5,0.001,FALSE,FALSE,FALSE
controlled,5,0.001,FALSE,FALSE,FALSE
grazing,5,0.001,FALSE,FALSE,FALSE
institutional,5,0.001,FALSE,FALSE,FALSE
legacies,5,0.001,FALSE,FALSE,FALSE
highlight,5,0.001,FALSE,FALSE,FALSE
adaptability,5,0.001,FALSE,FALSE,FALSE
fjayg9rlca,5,0.001,FALSE,FALSE,FALSE
features,5,0.001,FALSE,FALSE,FALSE
hydrobiologia,5,0.001,FALSE,FALSE,FALSE
phytoplankton,5,0.001,FALSE,FALSE,FALSE
thanks,5,0.001,FALSE,FALSE,FALSE
nice,5,0.001,TRUE,FALSE,FALSE
theory,5,0.001,FALSE,FALSE,FALSE
practical,5,0.001,FALSE,FALSE,FALSE
applications,5,0.001,FALSE,FALSE,FALSE
presented,5,0.001,FALSE,FALSE,FALSE
benjaminburkhard,5,0.001,FALSE,FALSE,FALSE
pensoft,5,0.001,FALSE,FALSE,FALSE
quite,5,0.001,FALSE,FALSE,FALSE
#hkh,5,0.001,FALSE,FALSE,FALSE
blessed,5,0.001,FALSE,FALSE,FALSE
biologically,5,0.001,FALSE,FALSE,FALSE
hands,5,0.001,FALSE,FALSE,FALSE
#protectthepulse,5,0.001,FALSE,FALSE,FALSE
guest,5,0.001,FALSE,FALSE,FALSE
wendy__jesse,5,0.001,FALSE,FALSE,FALSE
talks,5,0.001,FALSE,FALSE,FALSE
actual,5,0.001,FALSE,FALSE,FALSE
#invasive,5,0.001,FALSE,FALSE,FALSE
vine,5,0.001,FALSE,FALSE,FALSE
incurs,5,0.001,FALSE,FALSE,FALSE
carribbean,5,0.001,FALSE,FALSE,FALSE
eustatius,5,0.001,FALSE,FALSE,FALSE
team's,5,0.001,FALSE,FALSE,FALSE
#invasivespecies,5,0.001,FALSE,FALSE,FALSE
unfortunately,5,0.001,FALSE,TRUE,FALSE
#foods,5,0.001,FALSE,FALSE,FALSE
promote,5,0.001,FALSE,FALSE,FALSE
diets,5,0.001,FALSE,FALSE,FALSE
overshooting,5,0.001,FALSE,FALSE,FALSE
planetary,5,0.001,FALSE,FALSE,FALSE
boundaries,5,0.001,FALSE,FALSE,FALSE
plan,5,0.001,FALSE,FALSE,FALSE
lost,5,0.001,FALSE,TRUE,FALSE
heritage,5,0.001,FALSE,FALSE,FALSE
present,5,0.001,FALSE,FALSE,FALSE
ewestaway,5,0.001,FALSE,FALSE,FALSE
duncwilliamson,5,0.001,FALSE,FALSE,FALSE
uksustain,5,0.001,FALSE,FALSE,FALSE
vet_sustain,5,0.001,FALSE,FALSE,FALSE
foodethicsnews,5,0.001,FALSE,FALSE,FALSE
ipesfood,5,0.001,FALSE,FALSE,FALSE
folucoalition,5,0.001,FALSE,FALSE,FALSE
ffc_commission,5,0.001,FALSE,FALSE,FALSE
georgemonbiot,5,0.001,FALSE,FALSE,FALSE
bengoldsmith,5,0.001,FALSE,FALSE,FALSE
farmersoftheuk,5,0.001,FALSE,FALSE,FALSE
susfoodtrust,5,0.001,FALSE,FALSE,FALSE
gentle_farming,5,0.001,FALSE,FALSE,FALSE
soilwatch,5,0.001,FALSE,FALSE,FALSE
walter,5,0.001,FALSE,FALSE,FALSE
takeaways,5,0.001,FALSE,FALSE,FALSE
gateway,5,0.001,FALSE,FALSE,FALSE
pod,5,0.001,FALSE,FALSE,FALSE
charlie,5,0.001,FALSE,FALSE,FALSE
multi,5,0.001,FALSE,FALSE,FALSE
university,5,0.001,FALSE,FALSE,FALSE
assets,5,0.001,FALSE,FALSE,FALSE
top,5,0.001,TRUE,FALSE,FALSE
#uzbekistan,5,0.001,FALSE,FALSE,FALSE
23,5,0.001,FALSE,FALSE,FALSE
43,5,0.001,FALSE,FALSE,FALSE
considerable,5,0.001,FALSE,FALSE,FALSE
iki_bmu,5,0.001,FALSE,FALSE,FALSE
partners,5,0.001,FALSE,FALSE,FALSE
lydia,5,0.001,FALSE,FALSE,FALSE
challenge,5,0.001,FALSE,FALSE,FALSE
underestimated,5,0.001,FALSE,FALSE,FALSE
uk,5,0.001,FALSE,FALSE,FALSE
84,5,0.001,FALSE,FALSE,FALSE
pj13302,5,0.001,FALSE,FALSE,FALSE
relevant,5,0.001,FALSE,FALSE,FALSE
rate,5,0.001,FALSE,FALSE,FALSE
threat,4,0.001,FALSE,TRUE,FALSE
panel,4,0.001,FALSE,FALSE,FALSE
river's,4,0.001,FALSE,FALSE,FALSE
practice,4,0.001,FALSE,FALSE,FALSE
tropical,4,0.001,FALSE,FALSE,FALSE
maith,4,0.001,FALSE,FALSE,FALSE
citizens,4,0.001,FALSE,FALSE,FALSE
wine,4,0.001,FALSE,FALSE,FALSE
7,4,0.001,FALSE,FALSE,FALSE
uzbekistan,4,0.001,FALSE,FALSE,FALSE
sand,4,0.001,FALSE,FALSE,FALSE
dust,4,0.001,FALSE,TRUE,FALSE
storms,4,0.001,FALSE,FALSE,FALSE
aral,4,0.001,FALSE,FALSE,FALSE
seabed,4,0.001,FALSE,FALSE,FALSE
worldbank,4,0.001,FALSE,FALSE,FALSE
supported,4,0.001,TRUE,FALSE,FALSE
waves,4,0.001,FALSE,FALSE,FALSE
possible,4,0.001,FALSE,FALSE,FALSE
tidal,4,0.001,FALSE,FALSE,FALSE
preservation,4,0.001,FALSE,FALSE,FALSE
#freshwater,4,0.001,FALSE,FALSE,FALSE
watershed,4,0.001,FALSE,FALSE,FALSE
phragmites,4,0.001,FALSE,FALSE,FALSE
invasive,4,0.001,FALSE,TRUE,FALSE
details,4,0.001,FALSE,FALSE,FALSE
fruit,4,0.001,FALSE,FALSE,FALSE
floods,4,0.001,FALSE,FALSE,FALSE
sdgs,4,0.001,FALSE,FALSE,FALSE
funded,4,0.001,FALSE,FALSE,FALSE
14,4,0.001,FALSE,FALSE,FALSE
fossil,4,0.001,FALSE,FALSE,FALSE
suffer,4,0.001,FALSE,TRUE,FALSE
chain,4,0.001,FALSE,FALSE,FALSE
perspective,4,0.001,FALSE,FALSE,FALSE
koen,4,0.001,FALSE,FALSE,FALSE
kramer,4,0.001,FALSE,FALSE,FALSE
ensure,4,0.001,FALSE,FALSE,FALSE
demo,4,0.001,FALSE,FALSE,FALSE
therefore,4,0.001,FALSE,FALSE,FALSE
stable,4,0.001,TRUE,FALSE,FALSE
addressing,4,0.001,FALSE,FALSE,FALSE
perception,4,0.001,FALSE,FALSE,FALSE
example,4,0.001,FALSE,FALSE,FALSE
9,4,0.001,FALSE,FALSE,FALSE
stakeholder,4,0.001,FALSE,FALSE,FALSE
andes,4,0.001,FALSE,FALSE,FALSE
three,4,0.001,FALSE,FALSE,FALSE
give,4,0.001,FALSE,FALSE,FALSE
paying,4,0.001,FALSE,FALSE,FALSE
though,4,0.001,FALSE,FALSE,FALSE
pressing,4,0.001,FALSE,FALSE,FALSE
aquatic,4,0.001,FALSE,FALSE,FALSE
friday,4,0.001,FALSE,FALSE,FALSE
awf_official,4,0.001,FALSE,FALSE,FALSE
nemakenya,4,0.001,FALSE,FALSE,FALSE
comes,4,0.001,FALSE,FALSE,FALSE
productive,4,0.001,TRUE,FALSE,FALSE
sink,4,0.001,FALSE,TRUE,FALSE
united,4,0.001,FALSE,FALSE,FALSE
states,4,0.001,FALSE,FALSE,FALSE
environments,4,0.001,FALSE,FALSE,FALSE
#makenaturecount,4,0.001,FALSE,FALSE,FALSE
#seea,4,0.001,FALSE,FALSE,FALSE
ecologically,4,0.001,FALSE,FALSE,FALSE
authorities,4,0.001,FALSE,FALSE,FALSE
used,4,0.001,FALSE,FALSE,FALSE
10,4,0.001,FALSE,FALSE,FALSE
000,4,0.001,FALSE,FALSE,FALSE
tv,4,0.001,FALSE,FALSE,FALSE
environment,4,0.001,FALSE,FALSE,FALSE
conserved,4,0.001,FALSE,FALSE,FALSE
create,4,0.001,FALSE,FALSE,FALSE
beauty,4,0.001,TRUE,FALSE,FALSE
within,4,0.001,FALSE,FALSE,FALSE
los,4,0.001,FALSE,FALSE,FALSE
este,4,0.001,FALSE,FALSE,FALSE
greater,4,0.001,FALSE,FALSE,FALSE
standards,4,0.001,FALSE,FALSE,FALSE
ago,4,0.001,FALSE,FALSE,FALSE
hays,4,0.001,FALSE,FALSE,FALSE
zoom,4,0.001,FALSE,FALSE,FALSE
everything,4,0.001,FALSE,FALSE,FALSE
condition,4,0.001,FALSE,FALSE,FALSE
average,4,0.001,FALSE,FALSE,FALSE
greenness,4,0.001,FALSE,FALSE,FALSE
virtual,4,0.001,FALSE,FALSE,FALSE
depth,4,0.001,FALSE,FALSE,FALSE
explanation,4,0.001,FALSE,FALSE,FALSE
peatlands,4,0.001,FALSE,FALSE,FALSE
informeaportal,4,0.001,FALSE,FALSE,FALSE
factors,4,0.001,FALSE,FALSE,FALSE
factor,4,0.001,FALSE,FALSE,FALSE
iwrm,4,0.001,FALSE,FALSE,FALSE
90,4,0.001,FALSE,FALSE,FALSE
shelter,4,0.001,FALSE,FALSE,FALSE
akagera,4,0.001,FALSE,FALSE,FALSE
along,4,0.001,FALSE,FALSE,FALSE
drew,4,0.001,FALSE,FALSE,FALSE
bantlin,4,0.001,FALSE,FALSE,FALSE
david,4,0.001,FALSE,FALSE,FALSE
attenborough,4,0.001,FALSE,FALSE,FALSE
95,4,0.001,FALSE,FALSE,FALSE
nominated,4,0.001,FALSE,FALSE,FALSE
nobel,4,0.001,FALSE,FALSE,FALSE
jointly,4,0.001,FALSE,FALSE,FALSE
assesses,4,0.001,FALSE,FALSE,FALSE
worldwide,4,0.001,FALSE,FALSE,FALSE
policymakers,4,0.001,FALSE,FALSE,FALSE
crisis,4,0.001,FALSE,TRUE,FALSE
gender,4,0.001,FALSE,FALSE,FALSE
vast,4,0.001,FALSE,FALSE,FALSE
capacity,4,0.001,FALSE,FALSE,FALSE
rapid,4,0.001,TRUE,FALSE,FALSE
wonder,4,0.001,TRUE,FALSE,FALSE
struggle,4,0.001,FALSE,TRUE,FALSE
concept,4,0.001,FALSE,FALSE,FALSE
established,4,0.001,FALSE,FALSE,FALSE
goods,4,0.001,FALSE,FALSE,FALSE
honor,4,0.001,TRUE,FALSE,FALSE
wednesday,4,0.001,FALSE,FALSE,FALSE
week,4,0.001,FALSE,FALSE,FALSE
#summitswcd,4,0.001,FALSE,FALSE,FALSE
npi,4,0.001,FALSE,FALSE,FALSE
kenya's,4,0.001,FALSE,FALSE,FALSE
#hiddenwealthinke,4,0.001,FALSE,FALSE,FALSE
swamps,4,0.001,FALSE,FALSE,FALSE
#tigers,4,0.001,FALSE,FALSE,FALSE
thrive,4,0.001,TRUE,FALSE,FALSE
angelayang987,4,0.001,FALSE,FALSE,FALSE
faunafloraint,4,0.001,FALSE,FALSE,FALSE
#yearofthetiger,4,0.001,FALSE,FALSE,FALSE
doc,4,0.001,FALSE,FALSE,FALSE
called,4,0.001,FALSE,FALSE,FALSE
sweet,4,0.001,TRUE,FALSE,FALSE
whose,4,0.001,FALSE,FALSE,FALSE
pathways,4,0.001,FALSE,FALSE,FALSE
makers,4,0.001,FALSE,FALSE,FALSE
trying,4,0.001,FALSE,FALSE,FALSE
resolve,4,0.001,FALSE,FALSE,FALSE
objectives,4,0.001,FALSE,FALSE,FALSE
topic,4,0.001,FALSE,FALSE,FALSE
mau,4,0.001,FALSE,FALSE,FALSE
entire,4,0.001,FALSE,FALSE,FALSE
#mara,4,0.001,FALSE,FALSE,FALSE
#serengeti,4,0.001,FALSE,FALSE,FALSE
newsletter,4,0.001,FALSE,FALSE,FALSE
events,4,0.001,FALSE,FALSE,FALSE
publications,4,0.001,FALSE,FALSE,FALSE
calls,4,0.001,FALSE,FALSE,FALSE
#vacancies,4,0.001,FALSE,FALSE,FALSE
#espupdate,4,0.001,FALSE,FALSE,FALSE
#news,4,0.001,FALSE,FALSE,FALSE
thread,4,0.001,FALSE,FALSE,FALSE
soy,4,0.001,FALSE,FALSE,FALSE
brazilian,4,0.001,FALSE,FALSE,FALSE
rach_garr,4,0.001,FALSE,FALSE,FALSE
19,4,0.001,FALSE,FALSE,FALSE
stewardship,4,0.001,FALSE,FALSE,FALSE
turn,4,0.001,FALSE,FALSE,FALSE
enhances,4,0.001,TRUE,FALSE,FALSE
city,4,0.001,FALSE,FALSE,FALSE
right,4,0.001,TRUE,FALSE,FALSE
consequences,4,0.001,FALSE,FALSE,FALSE
parklands,4,0.001,FALSE,FALSE,FALSE
grow,4,0.001,FALSE,FALSE,FALSE
andrew,4,0.001,FALSE,FALSE,FALSE
wardell,4,0.001,FALSE,FALSE,FALSE
synthesis,4,0.001,FALSE,FALSE,FALSE
linked,4,0.001,FALSE,FALSE,FALSE
associated,4,0.001,FALSE,FALSE,FALSE
government,4,0.001,FALSE,FALSE,FALSE
strictly,4,0.001,FALSE,TRUE,FALSE
#protectedareas,4,0.001,FALSE,FALSE,FALSE
#pastoralism,4,0.001,FALSE,FALSE,FALSE
allowed,4,0.001,FALSE,FALSE,FALSE
mountains,4,0.001,FALSE,FALSE,FALSE
trigger,4,0.001,FALSE,FALSE,FALSE
reef,4,0.001,FALSE,FALSE,FALSE
#sustainability,4,0.001,FALSE,FALSE,FALSE
#naturalcapital,4,0.001,FALSE,FALSE,FALSE
aims,4,0.001,FALSE,FALSE,FALSE
safeguarding,4,0.001,FALSE,FALSE,FALSE
#talkactclimate,4,0.001,FALSE,FALSE,FALSE
#voices4climateke,4,0.001,FALSE,FALSE,FALSE
afuncensored,4,0.001,FALSE,FALSE,FALSE
cycle,4,0.001,FALSE,FALSE,FALSE
design,4,0.001,FALSE,FALSE,FALSE
small,4,0.001,FALSE,FALSE,FALSE
l,4,0.001,FALSE,FALSE,FALSE
combined,4,0.001,FALSE,FALSE,FALSE
upon,4,0.001,FALSE,FALSE,FALSE
spatial,4,0.001,FALSE,FALSE,FALSE
pollination,4,0.001,FALSE,FALSE,FALSE
regen,4,0.001,FALSE,FALSE,FALSE
piece,4,0.001,FALSE,FALSE,FALSE
promoted,4,0.001,FALSE,FALSE,FALSE
permissions,4,0.001,FALSE,FALSE,FALSE
atlantic,4,0.001,FALSE,FALSE,FALSE
salmon,4,0.001,FALSE,FALSE,FALSE
brown,4,0.001,FALSE,FALSE,FALSE
mussel,4,0.001,FALSE,FALSE,FALSE
version,4,0.001,FALSE,FALSE,FALSE
process,4,0.001,FALSE,FALSE,FALSE
underwater,4,0.001,FALSE,FALSE,FALSE
horizonmageu,4,0.001,FALSE,FALSE,FALSE
et,4,0.001,FALSE,FALSE,FALSE
postdoc,4,0.001,FALSE,FALSE,FALSE
grasslands,4,0.001,FALSE,FALSE,FALSE
traditions,4,0.001,FALSE,FALSE,FALSE
richest,4,0.001,FALSE,FALSE,FALSE
peatland,4,0.001,FALSE,FALSE,FALSE
#peatlands,4,0.001,FALSE,FALSE,FALSE
cifor_bosques,4,0.001,FALSE,FALSE,FALSE
self,4,0.001,FALSE,FALSE,FALSE
aaas,4,0.001,FALSE,FALSE,FALSE
biomass,4,0.001,FALSE,FALSE,FALSE
leaf,4,0.001,FALSE,FALSE,FALSE
colder,4,0.001,FALSE,FALSE,FALSE
temperate,4,0.001,FALSE,FALSE,FALSE
continents,4,0.001,FALSE,FALSE,FALSE
except,4,0.001,FALSE,FALSE,FALSE
antarctica,4,0.001,FALSE,FALSE,FALSE
overlooked,4,0.001,FALSE,FALSE,FALSE
hugely,4,0.001,FALSE,FALSE,FALSE
minister,4,0.001,FALSE,FALSE,FALSE
delivers,4,0.001,FALSE,FALSE,FALSE
depends,4,0.001,FALSE,FALSE,FALSE
division,4,0.001,FALSE,FALSE,FALSE
adaptationfund,4,0.001,FALSE,FALSE,FALSE
steering,4,0.001,FALSE,FALSE,FALSE
seychelles,4,0.001,FALSE,FALSE,FALSE
#mauritius,4,0.001,FALSE,FALSE,FALSE
#seychelles,4,0.001,FALSE,FALSE,FALSE
wef,4,0.001,FALSE,FALSE,FALSE
argues,4,0.001,FALSE,FALSE,FALSE
means,4,0.001,FALSE,FALSE,FALSE
camino,4,0.001,FALSE,FALSE,FALSE
troya,4,0.001,FALSE,FALSE,FALSE
mareicentre,4,0.001,FALSE,FALSE,FALSE
legal,4,0.001,FALSE,FALSE,FALSE
frameworks,4,0.001,FALSE,FALSE,FALSE
eco,4,0.001,FALSE,FALSE,FALSE
tomas,4,0.001,FALSE,FALSE,FALSE
buitendijk,4,0.001,FALSE,FALSE,FALSE
ucd_research,4,0.001,FALSE,FALSE,FALSE
humanities,4,0.001,FALSE,FALSE,FALSE
n,4,0.001,FALSE,FALSE,FALSE
bull,4,0.001,FALSE,FALSE,FALSE
deadline,4,0.001,FALSE,FALSE,FALSE
explains,3,0.000,FALSE,FALSE,FALSE
long,3,0.000,FALSE,FALSE,FALSE
engagement,3,0.000,FALSE,FALSE,FALSE
direct,3,0.000,FALSE,FALSE,FALSE
offered,3,0.000,FALSE,FALSE,FALSE
landowners,3,0.000,FALSE,FALSE,FALSE
exchange,3,0.000,FALSE,FALSE,FALSE
threatened,3,0.000,FALSE,FALSE,FALSE
#services,3,0.000,FALSE,FALSE,FALSE
#urbantrees,3,0.000,FALSE,FALSE,FALSE
look,3,0.000,FALSE,FALSE,FALSE
celebration,3,0.000,TRUE,FALSE,FALSE
discussion,3,0.000,FALSE,FALSE,FALSE
making,3,0.000,FALSE,FALSE,FALSE
rights,3,0.000,FALSE,FALSE,FALSE
population,3,0.000,FALSE,FALSE,FALSE
#urbanization,3,0.000,FALSE,FALSE,FALSE
unuehs,3,0.000,FALSE,FALSE,FALSE
deputy,3,0.000,FALSE,FALSE,FALSE
zitasebesvari,3,0.000,FALSE,FALSE,FALSE
tlgfqapvzx,3,0.000,FALSE,FALSE,FALSE
improving,3,0.000,TRUE,FALSE,FALSE
estimated,3,0.000,FALSE,FALSE,FALSE
yield,3,0.000,FALSE,FALSE,FALSE
wbg_environment,3,0.000,FALSE,FALSE,FALSE
forestideas,3,0.000,FALSE,FALSE,FALSE
several,3,0.000,FALSE,FALSE,FALSE
east,3,0.000,FALSE,FALSE,FALSE
programme,3,0.000,FALSE,FALSE,FALSE
story,3,0.000,FALSE,FALSE,FALSE
bio,3,0.000,FALSE,FALSE,FALSE
continue,3,0.000,FALSE,FALSE,FALSE
relationship,3,0.000,FALSE,FALSE,FALSE
result,3,0.000,FALSE,FALSE,FALSE
applied,3,0.000,FALSE,FALSE,FALSE
survival,3,0.000,TRUE,FALSE,FALSE
created,3,0.000,FALSE,FALSE,FALSE
calculate,3,0.000,FALSE,FALSE,FALSE
bay,3,0.000,FALSE,FALSE,FALSE
show,3,0.000,FALSE,FALSE,FALSE
benefited,3,0.000,FALSE,FALSE,FALSE
meet,3,0.000,FALSE,FALSE,FALSE
cattle,3,0.000,FALSE,FALSE,FALSE
major,3,0.000,FALSE,FALSE,FALSE
lack,3,0.000,FALSE,TRUE,FALSE
boost,3,0.000,TRUE,FALSE,FALSE
productivity,3,0.000,FALSE,FALSE,FALSE
industrial,3,0.000,FALSE,FALSE,FALSE
talking,3,0.000,FALSE,FALSE,FALSE
empower,3,0.000,TRUE,FALSE,FALSE
idea,3,0.000,FALSE,FALSE,FALSE
#development,3,0.000,FALSE,FALSE,FALSE
those,3,0.000,FALSE,FALSE,FALSE
until,3,0.000,FALSE,FALSE,FALSE
28th,3,0.000,FALSE,FALSE,FALSE
let's,3,0.000,FALSE,FALSE,FALSE
changes,3,0.000,FALSE,FALSE,FALSE
gaps,3,0.000,FALSE,FALSE,FALSE
date,3,0.000,FALSE,FALSE,FALSE
kashmir,3,0.000,FALSE,FALSE,FALSE
valley,3,0.000,FALSE,FALSE,FALSE
ongoing,3,0.000,FALSE,FALSE,FALSE
steps,3,0.000,FALSE,FALSE,FALSE
starting,3,0.000,FALSE,FALSE,FALSE
11,3,0.000,FALSE,FALSE,FALSE
care,3,0.000,FALSE,FALSE,FALSE
monitoring,3,0.000,FALSE,FALSE,FALSE
site,3,0.000,FALSE,FALSE,FALSE
north,3,0.000,FALSE,FALSE,FALSE
america,3,0.000,FALSE,FALSE,FALSE
pollutants,3,0.000,FALSE,FALSE,FALSE
#health,3,0.000,FALSE,FALSE,FALSE
#tourism,3,0.000,FALSE,FALSE,FALSE
#jobs,3,0.000,FALSE,FALSE,FALSE
#flood,3,0.000,FALSE,FALSE,FALSE
hitoshi,3,0.000,FALSE,FALSE,FALSE
watanabe,3,0.000,FALSE,FALSE,FALSE
#wwd2022,3,0.000,FALSE,FALSE,FALSE
#wildpolesia,3,0.000,FALSE,FALSE,FALSE
ukraine,3,0.000,FALSE,FALSE,FALSE
saw,3,0.000,FALSE,FALSE,FALSE
reserve,3,0.000,FALSE,FALSE,FALSE
belarus,3,0.000,FALSE,FALSE,FALSE
polesia's,3,0.000,FALSE,FALSE,FALSE
loom,3,0.000,FALSE,FALSE,FALSE
viktar,3,0.000,FALSE,FALSE,FALSE
malyshchyc,3,0.000,FALSE,FALSE,FALSE
iisc,3,0.000,FALSE,FALSE,FALSE
ramachandra,3,0.000,FALSE,FALSE,FALSE
organised,3,0.000,FALSE,FALSE,FALSE
series,3,0.000,FALSE,FALSE,FALSE
ileaps,3,0.000,FALSE,FALSE,FALSE
faces,3,0.000,FALSE,FALSE,FALSE
deforestation,3,0.000,FALSE,FALSE,FALSE
subsequent,3,0.000,FALSE,FALSE,FALSE
accelarated,3,0.000,FALSE,FALSE,FALSE
forms,3,0.000,FALSE,FALSE,FALSE
headwaters,3,0.000,FALSE,FALSE,FALSE
nairobi,3,0.000,FALSE,FALSE,FALSE
perform,3,0.000,FALSE,FALSE,FALSE
fully,3,0.000,FALSE,FALSE,FALSE
#ondiriwetland,3,0.000,FALSE,FALSE,FALSE
away,3,0.000,FALSE,FALSE,FALSE
false,3,0.000,FALSE,TRUE,FALSE
bay's,3,0.000,FALSE,FALSE,FALSE
beaches,3,0.000,FALSE,FALSE,FALSE
fall,3,0.000,FALSE,TRUE,FALSE
table,3,0.000,FALSE,FALSE,FALSE
tmnp,3,0.000,FALSE,FALSE,FALSE
spawning,3,0.000,FALSE,FALSE,FALSE
#díamundialdeloshumedales,3,0.000,FALSE,FALSE,FALSE
te,3,0.000,FALSE,FALSE,FALSE
invitamos,3,0.000,FALSE,FALSE,FALSE
leer,3,0.000,FALSE,TRUE,FALSE
acerca,3,0.000,FALSE,FALSE,FALSE
importancia,3,0.000,FALSE,FALSE,FALSE
#manglares,3,0.000,FALSE,FALSE,FALSE
las,3,0.000,FALSE,FALSE,FALSE
soluciones,3,0.000,FALSE,FALSE,FALSE
geoespaciales,3,0.000,FALSE,FALSE,FALSE
para,3,0.000,FALSE,FALSE,FALSE
proteger,3,0.000,FALSE,FALSE,FALSE
ecosistema,3,0.000,FALSE,FALSE,FALSE
usaidperu,3,0.000,FALSE,FALSE,FALSE
biovintciat_esp,3,0.000,FALSE,FALSE,FALSE
banks,3,0.000,FALSE,FALSE,FALSE
supervisors,3,0.000,FALSE,FALSE,FALSE
material,3,0.000,FALSE,FALSE,FALSE
risks,3,0.000,FALSE,TRUE,FALSE
arising,3,0.000,FALSE,FALSE,FALSE
lending,3,0.000,FALSE,FALSE,FALSE
#finance,3,0.000,FALSE,FALSE,FALSE
#brazil,3,0.000,FALSE,FALSE,FALSE
announce,3,0.000,FALSE,FALSE,FALSE
address,3,0.000,FALSE,FALSE,FALSE
attend,3,0.000,FALSE,FALSE,FALSE
today's,3,0.000,FALSE,FALSE,FALSE
#webinar,3,0.000,FALSE,FALSE,FALSE
bayesian,3,0.000,FALSE,FALSE,FALSE
networks,3,0.000,FALSE,FALSE,FALSE
#bayesiannetworks,3,0.000,FALSE,FALSE,FALSE
#watermangement,3,0.000,FALSE,FALSE,FALSE
plates,3,0.000,FALSE,FALSE,FALSE
statistics,3,0.000,FALSE,FALSE,FALSE
extent,3,0.000,FALSE,FALSE,FALSE
selected,3,0.000,FALSE,FALSE,FALSE
notably,3,0.000,TRUE,FALSE,FALSE
trending,3,0.000,FALSE,FALSE,FALSE
downhill,3,0.000,FALSE,TRUE,FALSE
province,3,0.000,FALSE,FALSE,FALSE
centres,3,0.000,FALSE,FALSE,FALSE
fishes,3,0.000,FALSE,FALSE,FALSE
learning,3,0.000,FALSE,FALSE,FALSE
destroyed,3,0.000,FALSE,FALSE,FALSE
culture,3,0.000,FALSE,FALSE,FALSE
conversation,3,0.000,FALSE,FALSE,FALSE
committed,3,0.000,FALSE,FALSE,FALSE
offers,3,0.000,FALSE,FALSE,FALSE
biological,3,0.000,FALSE,FALSE,FALSE
regeneration,3,0.000,FALSE,FALSE,FALSE
feb,3,0.000,FALSE,FALSE,FALSE
hope,3,0.000,FALSE,FALSE,FALSE
gets,3,0.000,FALSE,FALSE,FALSE
little,3,0.000,FALSE,FALSE,FALSE
developmental,3,0.000,FALSE,FALSE,FALSE
#climatechangemitigation,3,0.000,FALSE,FALSE,FALSE
hour,3,0.000,FALSE,FALSE,FALSE
#drarvindkumar,3,0.000,FALSE,FALSE,FALSE
celebrations,3,0.000,FALSE,FALSE,FALSE
#nmcg,3,0.000,FALSE,FALSE,FALSE
#wwf,3,0.000,FALSE,FALSE,FALSE
nearly,3,0.000,FALSE,FALSE,FALSE
1700s,3,0.000,FALSE,FALSE,FALSE
#regeneration,3,0.000,FALSE,FALSE,FALSE
soahubtz,3,0.000,FALSE,FALSE,FALSE
form,3,0.000,FALSE,FALSE,FALSE
dept,3,0.000,FALSE,FALSE,FALSE
ese,3,0.000,FALSE,FALSE,FALSE
quiz,3,0.000,FALSE,FALSE,FALSE
collected,3,0.000,FALSE,FALSE,FALSE
path,3,0.000,FALSE,FALSE,FALSE
introduction,3,0.000,FALSE,FALSE,FALSE
tutorial,3,0.000,FALSE,FALSE,FALSE
playlist,3,0.000,FALSE,FALSE,FALSE
lays,3,0.000,FALSE,FALSE,FALSE
natcap,3,0.000,FALSE,FALSE,FALSE
dives,3,0.000,FALSE,FALSE,FALSE
#gis,3,0.000,FALSE,FALSE,FALSE
droughts,3,0.000,FALSE,FALSE,FALSE
strategy,3,0.000,FALSE,FALSE,FALSE
vuamsterdam,3,0.000,FALSE,FALSE,FALSE
wonderful,3,0.000,TRUE,FALSE,FALSE
msc,3,0.000,FALSE,FALSE,FALSE
#mapping,3,0.000,FALSE,FALSE,FALSE
#assessment,3,0.000,FALSE,FALSE,FALSE
#troodos,3,0.000,FALSE,FALSE,FALSE
#cyprus,3,0.000,FALSE,FALSE,FALSE
kounnamas,3,0.000,FALSE,FALSE,FALSE
andreou,3,0.000,FALSE,FALSE,FALSE
#maes,3,0.000,FALSE,FALSE,FALSE
#geospatial,3,0.000,FALSE,FALSE,FALSE
priority,3,0.000,FALSE,FALSE,FALSE
towards,3,0.000,FALSE,FALSE,FALSE
each,3,0.000,FALSE,FALSE,FALSE
definitely,3,0.000,FALSE,FALSE,FALSE
favourite,3,0.000,FALSE,FALSE,FALSE
amongst,3,0.000,FALSE,FALSE,FALSE
advanced,3,0.000,TRUE,FALSE,FALSE
pensoft's,3,0.000,FALSE,FALSE,FALSE
signature,3,0.000,FALSE,FALSE,FALSE
oa,3,0.000,FALSE,FALSE,FALSE
digital,3,0.000,FALSE,FALSE,FALSE
scholarly,3,0.000,FALSE,FALSE,FALSE
powered,3,0.000,FALSE,FALSE,FALSE
#arpha,3,0.000,FALSE,FALSE,FALSE
#scholarlypublishing,3,0.000,FALSE,FALSE,FALSE
#academictwitter,3,0.000,FALSE,FALSE,FALSE
regional,3,0.000,FALSE,FALSE,FALSE
goals,3,0.000,FALSE,FALSE,FALSE
lives,3,0.000,FALSE,FALSE,FALSE
foster,3,0.000,FALSE,FALSE,FALSE
globalchangebio,3,0.000,FALSE,FALSE,FALSE
2sb5cha0oi,3,0.000,FALSE,FALSE,FALSE
servicios,3,0.000,FALSE,FALSE,FALSE
e,3,0.000,FALSE,FALSE,FALSE
scott,3,0.000,FALSE,FALSE,FALSE
innovation,3,0.000,TRUE,FALSE,FALSE
company,3,0.000,FALSE,FALSE,FALSE
presentation,3,0.000,FALSE,FALSE,FALSE
rosiep4,3,0.000,FALSE,FALSE,FALSE
exceptions,3,0.000,FALSE,FALSE,FALSE
tiny,3,0.000,FALSE,FALSE,FALSE
handful,3,0.000,FALSE,FALSE,FALSE
naturalists,3,0.000,FALSE,FALSE,FALSE
myth,3,0.000,FALSE,TRUE,FALSE
worst,3,0.000,FALSE,TRUE,FALSE
farms,3,0.000,FALSE,FALSE,FALSE
involve,3,0.000,FALSE,FALSE,FALSE
#soilsealing,3,0.000,FALSE,FALSE,FALSE
allowing,3,0.000,FALSE,FALSE,FALSE
carry,3,0.000,FALSE,FALSE,FALSE
accepted,3,0.000,FALSE,FALSE,FALSE
resource,3,0.000,FALSE,FALSE,FALSE
من,3,0.001,FALSE,FALSE,FALSE
breakdown,3,0.000,FALSE,TRUE,FALSE
view,3,0.000,FALSE,FALSE,FALSE
edition,3,0.000,FALSE,FALSE,FALSE
pclg_iied,3,0.000,FALSE,FALSE,FALSE
digest,3,0.000,FALSE,FALSE,FALSE
articles,3,0.000,FALSE,FALSE,FALSE
catch,3,0.000,FALSE,FALSE,FALSE
#opendata,3,0.000,FALSE,FALSE,FALSE
24,3,0.000,FALSE,FALSE,FALSE
hot,3,0.000,TRUE,FALSE,FALSE
coverage,3,0.001,FALSE,FALSE,FALSE
literally,3,0.000,FALSE,FALSE,FALSE
common,3,0.000,FALSE,FALSE,FALSE
coinmarketcap,3,0.000,FALSE,FALSE,FALSE
cycles,3,0.000,FALSE,FALSE,FALSE
already,3,0.000,FALSE,FALSE,FALSE
happening,3,0.000,FALSE,FALSE,FALSE
damaging,3,0.000,FALSE,TRUE,FALSE
q,3,0.000,FALSE,FALSE,FALSE
emma_cavan,3,0.000,FALSE,FALSE,FALSE
simeon,3,0.000,FALSE,FALSE,FALSE
done,3,0.000,FALSE,FALSE,FALSE
less,3,0.000,FALSE,FALSE,FALSE
word,3,0.000,FALSE,FALSE,FALSE
brookfield,3,0.000,FALSE,FALSE,FALSE
zoo,3,0.000,FALSE,FALSE,FALSE
avians,3,0.000,FALSE,FALSE,FALSE
admire,3,0.000,TRUE,FALSE,FALSE
pest,3,0.000,FALSE,TRUE,FALSE
dispersal,3,0.000,FALSE,FALSE,FALSE
fertilization,3,0.000,FALSE,FALSE,FALSE
reminder,3,0.000,FALSE,FALSE,FALSE
bird,3,0.000,FALSE,FALSE,FALSE
#nationalbirdday,3,0.000,FALSE,FALSE,FALSE
harness,3,0.000,FALSE,FALSE,FALSE
al,3,0.000,FALSE,FALSE,FALSE
text,3,0.000,FALSE,FALSE,FALSE
option,3,0.000,FALSE,FALSE,FALSE
five,3,0.000,FALSE,FALSE,FALSE
dukeu,3,0.000,FALSE,FALSE,FALSE
faculty,3,0.000,FALSE,FALSE,FALSE
named,3,0.000,FALSE,FALSE,FALSE
dukeuenergy,3,0.000,FALSE,FALSE,FALSE
olander,3,0.000,FALSE,FALSE,FALSE
regen_network,3,0.000,FALSE,FALSE,FALSE
ancient,3,0.000,FALSE,FALSE,FALSE
technical,3,0.000,FALSE,FALSE,FALSE
entitled,3,0.000,FALSE,FALSE,FALSE
bamboo,3,0.000,FALSE,FALSE,FALSE
lessons,3,0.000,FALSE,FALSE,FALSE
inbarofficial,3,0.000,FALSE,FALSE,FALSE
kiranpaudyal1,3,0.000,FALSE,FALSE,FALSE
leading,3,0.000,TRUE,FALSE,FALSE
enable,3,0.000,FALSE,FALSE,FALSE
organise,3,0.000,FALSE,FALSE,FALSE
futuremares,3,0.000,FALSE,FALSE,FALSE
#ecsa59,3,0.000,FALSE,FALSE,FALSE
unraveling,3,0.000,FALSE,FALSE,FALSE
lines,3,0.000,FALSE,FALSE,FALSE
april,3,0.000,FALSE,FALSE,FALSE
1st,3,0.000,FALSE,FALSE,FALSE
tax,3,0.001,FALSE,FALSE,FALSE
alarming,3,0.000,FALSE,TRUE,FALSE
consume,3,0.000,FALSE,FALSE,FALSE
strengthen,3,0.000,FALSE,FALSE,FALSE
according,2,0.000,FALSE,FALSE,FALSE
fault,2,0.000,FALSE,TRUE,FALSE
participants,2,0.000,FALSE,FALSE,FALSE
understood,2,0.000,FALSE,FALSE,FALSE
helps,2,0.000,FALSE,FALSE,FALSE
import,2,0.000,FALSE,FALSE,FALSE
incentives,2,0.000,FALSE,FALSE,FALSE
beneficiaries,2,0.000,FALSE,FALSE,FALSE
través,2,0.000,FALSE,FALSE,FALSE
proyecto,2,0.000,FALSE,FALSE,FALSE
servir,2,0.000,FALSE,FALSE,FALSE
amazonía,2,0.000,FALSE,FALSE,FALSE
contribuimos,2,0.000,FALSE,FALSE,FALSE
conservación,2,0.000,FALSE,FALSE,FALSE
distintos,2,0.000,FALSE,FALSE,FALSE
ecosistemas,2,0.000,FALSE,FALSE,FALSE
diversos,2,0.000,FALSE,FALSE,FALSE
países,2,0.000,FALSE,FALSE,FALSE
sudamérica,2,0.000,FALSE,FALSE,FALSE
por,2,0.000,FALSE,FALSE,FALSE
ejemplo,2,0.000,FALSE,FALSE,FALSE
guyana,2,0.000,FALSE,FALSE,FALSE
apoyamos,2,0.000,FALSE,FALSE,FALSE
monitoreo,2,0.000,FALSE,FALSE,FALSE
manglares,2,0.000,FALSE,FALSE,FALSE
#arep,2,0.000,FALSE,FALSE,FALSE
conoce,2,0.000,FALSE,FALSE,FALSE
#stjohnsriver,2,0.000,FALSE,FALSE,FALSE
presence,2,0.000,FALSE,FALSE,FALSE
defense,2,0.000,FALSE,FALSE,FALSE
indonesia,2,0.000,FALSE,FALSE,FALSE
imperative,2,0.000,FALSE,FALSE,FALSE
agree,2,0.000,FALSE,FALSE,FALSE
towns,2,0.000,FALSE,FALSE,FALSE
consequent,2,0.000,FALSE,FALSE,FALSE
drafted,2,0.000,FALSE,FALSE,FALSE
go,2,0.000,FALSE,FALSE,FALSE
deeply,2,0.000,FALSE,FALSE,FALSE
shannon,2,0.000,FALSE,FALSE,FALSE
town,2,0.000,FALSE,FALSE,FALSE
fab,2,0.000,FALSE,FALSE,FALSE
bi,2,0.000,FALSE,FALSE,FALSE
lingual,2,0.000,FALSE,FALSE,FALSE
'slow,2,0.000,FALSE,FALSE,FALSE
flow',2,0.000,FALSE,FALSE,FALSE
exceptional,2,0.000,TRUE,FALSE,FALSE
sibh,2,0.000,FALSE,FALSE,FALSE
grape,2,0.000,FALSE,FALSE,FALSE
expectations,2,0.000,FALSE,FALSE,FALSE
australian,2,0.000,FALSE,FALSE,FALSE
aus,2,0.000,FALSE,FALSE,FALSE
industry,2,0.000,FALSE,FALSE,FALSE
wine_australia,2,0.000,FALSE,FALSE,FALSE
charlessturtuni,2,0.000,FALSE,FALSE,FALSE
gulbali_inst,2,0.000,FALSE,FALSE,FALSE
#theland,2,0.000,FALSE,FALSE,FALSE
#watersheds,2,0.000,FALSE,FALSE,FALSE
#greatlakeerie,2,0.000,FALSE,FALSE,FALSE
pocket,2,0.000,FALSE,FALSE,FALSE
500,2,0.000,FALSE,FALSE,FALSE
x500,2,0.000,FALSE,FALSE,FALSE
necessary,2,0.000,FALSE,FALSE,FALSE
mandate,2,0.000,FALSE,FALSE,FALSE
outdoor,2,0.000,FALSE,FALSE,FALSE
#youth,2,0.000,FALSE,FALSE,FALSE
#worldwetlands,2,0.000,FALSE,FALSE,FALSE
incredible,2,0.000,TRUE,FALSE,FALSE
cycling,2,0.000,FALSE,FALSE,FALSE
hard,2,0.000,FALSE,TRUE,FALSE
returns,2,0.000,FALSE,FALSE,FALSE
alone,2,0.000,FALSE,FALSE,FALSE
beings,2,0.000,FALSE,FALSE,FALSE
fauna,2,0.000,FALSE,FALSE,FALSE
#saveoder,2,0.000,FALSE,FALSE,FALSE
ist,2,0.000,FALSE,FALSE,FALSE
#odra,2,0.000,FALSE,FALSE,FALSE
#oder,2,0.000,FALSE,FALSE,FALSE
#ramsar,2,0.000,FALSE,FALSE,FALSE
#świdwie,2,0.000,FALSE,FALSE,FALSE
#lowerodervalley,2,0.000,FALSE,FALSE,FALSE
#wartariver,2,0.000,FALSE,FALSE,FALSE
mouth,2,0.000,FALSE,FALSE,FALSE
#poodří,2,0.000,FALSE,FALSE,FALSE
wasteland,2,0.000,FALSE,FALSE,FALSE
hostopts,2,0.000,FALSE,FALSE,FALSE
sackville,2,0.000,FALSE,FALSE,FALSE
29,2,0.000,FALSE,FALSE,FALSE
west,2,0.000,FALSE,FALSE,FALSE
center,2,0.000,FALSE,FALSE,FALSE
southeast,2,0.000,FALSE,FALSE,FALSE
professionals,2,0.000,FALSE,FALSE,FALSE
#ewcseaopp,2,0.000,FALSE,FALSE,FALSE
ecop,2,0.000,FALSE,FALSE,FALSE
triangle,2,0.000,FALSE,FALSE,FALSE
mekong,2,0.000,FALSE,FALSE,FALSE
overwhelmed,2,0.000,FALSE,TRUE,FALSE
visits,2,0.000,FALSE,FALSE,FALSE
nalsarovar,2,0.000,FALSE,FALSE,FALSE
keoladeo,2,0.000,FALSE,FALSE,FALSE
r,2,0.000,FALSE,FALSE,FALSE
diversity,2,0.000,FALSE,FALSE,FALSE
reason,2,0.000,FALSE,FALSE,FALSE
afd_en,2,0.000,FALSE,FALSE,FALSE
engaged,2,0.000,FALSE,FALSE,FALSE
#poverty,2,0.000,FALSE,FALSE,FALSE
indo,2,0.000,FALSE,FALSE,FALSE
burma,2,0.000,FALSE,FALSE,FALSE
#hotspot,2,0.000,FALSE,FALSE,FALSE
wcscambodia,2,0.000,FALSE,FALSE,FALSE
ibis_rice,2,0.000,FALSE,FALSE,FALSE
cooperation,2,0.000,FALSE,FALSE,FALSE
stop,2,0.000,FALSE,FALSE,FALSE
degrade,2,0.000,FALSE,TRUE,FALSE
tncmichigan,2,0.000,FALSE,FALSE,FALSE
removing,2,0.000,FALSE,FALSE,FALSE
property,2,0.000,FALSE,FALSE,FALSE
grand,2,0.000,TRUE,FALSE,FALSE
highlights,2,0.000,FALSE,FALSE,FALSE
orchards,2,0.000,FALSE,FALSE,FALSE
mostly,2,0.000,FALSE,FALSE,FALSE
considering,2,0.000,FALSE,FALSE,FALSE
adoption,2,0.000,FALSE,FALSE,FALSE
relationships,2,0.000,FALSE,FALSE,FALSE
clusters,2,0.000,FALSE,FALSE,FALSE
disciplines,2,0.000,FALSE,FALSE,FALSE
#networkanalysis,2,0.000,FALSE,FALSE,FALSE
embassy,2,0.000,FALSE,FALSE,FALSE
#africa21,2,0.000,FALSE,FALSE,FALSE
egyptian,2,0.000,FALSE,FALSE,FALSE
journalists,2,0.000,FALSE,FALSE,FALSE
labor,2,0.000,FALSE,FALSE,FALSE
joined,2,0.000,FALSE,FALSE,FALSE
journalistic,2,0.000,FALSE,FALSE,FALSE
#farmlands,2,0.000,FALSE,FALSE,FALSE
contrasting,2,0.000,FALSE,FALSE,FALSE
intensities,2,0.000,FALSE,FALSE,FALSE
buchadas,2,0.000,FALSE,FALSE,FALSE
rain,2,0.000,FALSE,FALSE,FALSE
cleaning,2,0.000,FALSE,FALSE,FALSE
liveable,2,0.000,FALSE,FALSE,FALSE
urgently,2,0.000,FALSE,FALSE,FALSE
short,2,0.000,FALSE,FALSE,FALSE
particular,2,0.000,FALSE,FALSE,FALSE
bradford,2,0.000,FALSE,FALSE,FALSE
treezilla,2,0.000,FALSE,FALSE,FALSE
app,2,0.000,FALSE,FALSE,FALSE
estimates,2,0.000,FALSE,FALSE,FALSE
'regulating',2,0.000,FALSE,FALSE,FALSE
nsis,2,0.000,FALSE,FALSE,FALSE
lecture,2,0.000,FALSE,FALSE,FALSE
fundy,2,0.000,FALSE,FALSE,FALSE
dykelands,2,0.000,FALSE,FALSE,FALSE
coastlines,2,0.000,FALSE,FALSE,FALSE
lot,2,0.000,FALSE,FALSE,FALSE
#sustainableagriculture,2,0.000,FALSE,FALSE,FALSE
#peopleandanet,2,0.000,FALSE,FALSE,FALSE
#pestcontrol,2,0.000,FALSE,FALSE,FALSE
influences,2,0.000,FALSE,FALSE,FALSE
active,2,0.000,FALSE,FALSE,FALSE
supplied,2,0.000,FALSE,FALSE,FALSE
larger,2,0.000,FALSE,FALSE,FALSE
pinkhill,2,0.000,FALSE,FALSE,FALSE
#oxford,2,0.000,FALSE,FALSE,FALSE
#ponderful,2,0.000,FALSE,FALSE,FALSE
pond,2,0.000,FALSE,FALSE,FALSE
craig,2,0.000,FALSE,FALSE,FALSE
african,2,0.000,FALSE,FALSE,FALSE
basins,2,0.000,FALSE,FALSE,FALSE
skills,2,0.000,FALSE,FALSE,FALSE
specific,2,0.000,FALSE,FALSE,FALSE
impacted,2,0.000,FALSE,FALSE,FALSE
reefs,2,0.000,FALSE,FALSE,FALSE
#dyk,2,0.000,FALSE,FALSE,FALSE
peak,2,0.000,FALSE,FALSE,FALSE
#ongreenbelt,2,0.000,FALSE,FALSE,FALSE
video,2,0.000,FALSE,FALSE,FALSE
friends,2,0.000,FALSE,FALSE,FALSE
greenbeltca,2,0.000,FALSE,FALSE,FALSE
g20,2,0.000,FALSE,FALSE,FALSE
predictable,2,0.000,FALSE,FALSE,FALSE
innovat,2,0.000,FALSE,FALSE,FALSE
efnzjbg8fs,2,0.000,FALSE,FALSE,FALSE
marginal,2,0.000,FALSE,TRUE,FALSE
basically,2,0.000,FALSE,FALSE,FALSE
ag,2,0.000,FALSE,FALSE,FALSE
organic,2,0.000,FALSE,FALSE,FALSE
mixed,2,0.000,FALSE,FALSE,FALSE
illustrated,2,0.000,FALSE,FALSE,FALSE
mediterranean,2,0.000,FALSE,FALSE,FALSE
spain,2,0.000,FALSE,FALSE,FALSE
refer,2,0.000,FALSE,FALSE,FALSE
receive,2,0.000,FALSE,FALSE,FALSE
earth's,2,0.000,FALSE,FALSE,FALSE
sustenance,2,0.000,FALSE,FALSE,FALSE
#climateresilience,2,0.000,FALSE,FALSE,FALSE
#climateadaptation,2,0.000,FALSE,FALSE,FALSE
#climateresiliencetoolkit,2,0.000,FALSE,FALSE,FALSE
est,2,0.000,FALSE,FALSE,FALSE
m40,2,0.000,FALSE,FALSE,FALSE
#susdev2022,2,0.000,FALSE,FALSE,FALSE
#peru,2,0.000,FALSE,FALSE,FALSE
becoming,2,0.000,FALSE,FALSE,FALSE
guardians,2,0.000,FALSE,FALSE,FALSE
boosting,2,0.000,FALSE,FALSE,FALSE
forced,2,0.000,FALSE,FALSE,FALSE
migration,2,0.000,FALSE,FALSE,FALSE
women,2,0.000,FALSE,FALSE,FALSE
previous,2,0.000,FALSE,FALSE,FALSE
sections,2,0.000,FALSE,FALSE,FALSE
curious,2,0.000,FALSE,FALSE,FALSE
#journalism,2,0.000,FALSE,FALSE,FALSE
equitable,2,0.000,TRUE,FALSE,FALSE
#wordle,2,0.000,FALSE,FALSE,FALSE
questions,2,0.000,FALSE,FALSE,FALSE
revenue,2,0.000,FALSE,FALSE,FALSE
mix,2,0.000,FALSE,FALSE,FALSE
urbanization,2,0.000,FALSE,FALSE,FALSE
warmly,2,0.000,TRUE,FALSE,FALSE
invited,2,0.000,FALSE,FALSE,FALSE
#governance,2,0.000,FALSE,FALSE,FALSE
#warsaw,2,0.000,FALSE,FALSE,FALSE
#planning,2,0.000,FALSE,FALSE,FALSE
emerging,2,0.000,FALSE,FALSE,FALSE
remind,2,0.000,FALSE,FALSE,FALSE
sacha,2,0.000,FALSE,FALSE,FALSE
doing,2,0.000,FALSE,FALSE,FALSE
estuary,2,0.000,FALSE,FALSE,FALSE
valued,2,0.000,FALSE,FALSE,FALSE
assess,2,0.000,FALSE,FALSE,FALSE
grant,2,0.000,FALSE,FALSE,FALSE
vegetation,2,0.000,FALSE,FALSE,FALSE
17th,2,0.000,FALSE,FALSE,FALSE
annual,2,0.000,FALSE,FALSE,FALSE
onfarmlandtrust,2,0.000,FALSE,FALSE,FALSE
#2022farmlandforum,2,0.000,FALSE,FALSE,FALSE
24th,2,0.000,FALSE,FALSE,FALSE
discussions,2,0.000,FALSE,FALSE,FALSE
throughout,2,0.000,FALSE,FALSE,FALSE
harmoniously,2,0.000,TRUE,FALSE,FALSE
commodities,2,0.000,FALSE,FALSE,FALSE
combat,2,0.000,FALSE,FALSE,FALSE
likes,2,0.000,TRUE,FALSE,FALSE
remember,2,0.000,FALSE,FALSE,FALSE
indonesian,2,0.000,FALSE,FALSE,FALSE
faster,2,0.000,TRUE,FALSE,FALSE
love,2,0.000,TRUE,FALSE,FALSE
generation,2,0.000,FALSE,FALSE,FALSE
samuel,2,0.000,FALSE,FALSE,FALSE
argued,2,0.000,FALSE,FALSE,FALSE
permanence,2,0.000,FALSE,FALSE,FALSE
enduring,2,0.000,FALSE,FALSE,FALSE
movers,2,0.000,FALSE,FALSE,FALSE
politics,2,0.000,FALSE,FALSE,FALSE
echoes,2,0.000,FALSE,FALSE,FALSE
cautions,2,0.000,FALSE,FALSE,FALSE
reliance,2,0.000,FALSE,FALSE,FALSE
trend,2,0.000,FALSE,FALSE,FALSE
5th,2,0.000,FALSE,FALSE,FALSE
graders,2,0.000,FALSE,FALSE,FALSE
200,2,0.000,FALSE,FALSE,FALSE
spartina,2,0.000,FALSE,FALSE,FALSE
70,2,0.000,FALSE,FALSE,FALSE
grass,2,0.000,FALSE,FALSE,FALSE
students,2,0.000,FALSE,FALSE,FALSE
percent,2,0.000,FALSE,FALSE,FALSE
ecosulis,2,0.000,FALSE,FALSE,FALSE
kerrytaylorsmit,2,0.000,FALSE,FALSE,FALSE
recovery,2,0.000,TRUE,FALSE,FALSE
cmt5g2igyp,2,0.000,FALSE,FALSE,FALSE
month,2,0.000,FALSE,FALSE,FALSE
bringing,2,0.000,FALSE,FALSE,FALSE
400,2,0.000,FALSE,FALSE,FALSE
fighting,2,0.000,FALSE,FALSE,FALSE
interdisciplinarity,2,0.000,FALSE,FALSE,FALSE
spontaneous,2,0.000,TRUE,FALSE,FALSE
regrowth,2,0.000,FALSE,FALSE,FALSE
minimum,2,0.000,FALSE,FALSE,FALSE
intervention,2,0.000,FALSE,FALSE,FALSE
drawing,2,0.000,FALSE,FALSE,FALSE
force,2,0.000,FALSE,FALSE,FALSE
biodiversa3,2,0.000,FALSE,FALSE,FALSE
weds,2,0.000,FALSE,FALSE,FALSE
everybody,2,0.000,FALSE,FALSE,FALSE
wellies,2,0.000,FALSE,FALSE,FALSE
mucky,2,0.000,FALSE,FALSE,FALSE
seanhort1,2,0.000,FALSE,FALSE,FALSE
nativewoodtrust,2,0.000,FALSE,FALSE,FALSE
ecoeye,2,0.000,FALSE,FALSE,FALSE
paid,2,0.000,FALSE,FALSE,FALSE
pippa_hackett,2,0.000,FALSE,FALSE,FALSE
mcconalogue,2,0.000,FALSE,FALSE,FALSE
click,2,0.000,FALSE,FALSE,FALSE
insights,2,0.000,FALSE,FALSE,FALSE
visitors,2,0.000,FALSE,FALSE,FALSE
included,2,0.000,FALSE,FALSE,FALSE
#siencepolicy,2,0.000,FALSE,FALSE,FALSE
alternet_europe,2,0.000,FALSE,FALSE,FALSE
total,2,0.000,FALSE,FALSE,FALSE
fisheries,2,0.000,FALSE,FALSE,FALSE
brilliant,2,0.000,TRUE,FALSE,FALSE
staffsuni,2,0.000,FALSE,FALSE,FALSE
subioscience,2,0.000,FALSE,FALSE,FALSE
greenwallcentre,2,0.000,FALSE,FALSE,FALSE
closer,2,0.000,FALSE,FALSE,FALSE
links,2,0.000,FALSE,FALSE,FALSE
encourage,2,0.000,TRUE,FALSE,FALSE
greatest,2,0.000,TRUE,FALSE,FALSE
#biodiversecity,2,0.000,FALSE,FALSE,FALSE
groundhog,2,0.000,FALSE,FALSE,FALSE
matter,2,0.000,FALSE,FALSE,FALSE
follow,2,0.000,FALSE,FALSE,FALSE
oil,2,0.000,FALSE,FALSE,FALSE
drainage,2,0.000,FALSE,FALSE,FALSE
teem,2,0.000,FALSE,FALSE,FALSE
outputs,2,0.000,FALSE,FALSE,FALSE
scientific,2,0.000,FALSE,FALSE,FALSE
transformative,2,0.000,FALSE,FALSE,FALSE
#agroecology,2,0.000,FALSE,FALSE,FALSE
resilient,2,0.000,TRUE,FALSE,FALSE
stupid,2,0.000,FALSE,TRUE,FALSE
paraphrasing,2,0.000,FALSE,FALSE,FALSE
clinton,2,0.000,FALSE,FALSE,FALSE
successful,2,0.000,TRUE,FALSE,FALSE
1992,2,0.000,FALSE,FALSE,FALSE
campaign,2,0.000,FALSE,FALSE,FALSE
sars,2,0.000,FALSE,FALSE,FALSE
cov2,2,0.000,FALSE,FALSE,FALSE
pandemic,2,0.000,FALSE,FALSE,FALSE
forested,2,0.000,FALSE,FALSE,FALSE
success,2,0.000,TRUE,FALSE,FALSE
ubc,2,0.000,FALSE,FALSE,FALSE
unite,2,0.000,FALSE,FALSE,FALSE
interests,2,0.000,TRUE,FALSE,FALSE
conventional,2,0.000,FALSE,FALSE,FALSE
replaced,2,0.000,FALSE,FALSE,FALSE
#wetlandday,2,0.000,FALSE,FALSE,FALSE
egregious,2,0.000,FALSE,TRUE,FALSE
sufficiently,2,0.000,TRUE,FALSE,FALSE
acknowledged,2,0.000,FALSE,FALSE,FALSE
negotiation,2,0.000,FALSE,FALSE,FALSE
tables,2,0.000,FALSE,FALSE,FALSE
featured,2,0.000,FALSE,FALSE,FALSE
financing,2,0.000,FALSE,FALSE,FALSE
programmes,2,0.000,FALSE,FALSE,FALSE
avers,2,0.000,FALSE,FALSE,FALSE
drnilanjang,2,0.000,FALSE,FALSE,FALSE
#orfkolkata,2,0.000,FALSE,FALSE,FALSE
industries,2,0.000,FALSE,FALSE,FALSE
icri_coral_reef,2,0.000,FALSE,FALSE,FALSE
fiji,2,0.000,FALSE,FALSE,FALSE
'mapping,2,0.000,FALSE,FALSE,FALSE
caused,2,0.000,FALSE,FALSE,FALSE
antigonon,2,0.000,FALSE,FALSE,FALSE
leptopus,2,0.000,FALSE,FALSE,FALSE
caribbean,2,0.000,FALSE,FALSE,FALSE
eustatius',2,0.000,FALSE,FALSE,FALSE
jacinthaellers,2,0.000,FALSE,FALSE,FALSE
felipe,2,0.000,FALSE,FALSE,FALSE
lucia,2,0.000,FALSE,FALSE,FALSE
ufz_de,2,0.000,FALSE,FALSE,FALSE
idiv,2,0.000,FALSE,FALSE,FALSE
yess_network,2,0.000,FALSE,FALSE,FALSE
esandpeople,2,0.000,FALSE,FALSE,FALSE
methane,2,0.000,FALSE,FALSE,FALSE
recharge,2,0.000,FALSE,FALSE,FALSE
name,2,0.000,FALSE,FALSE,FALSE
hence,2,0.000,FALSE,FALSE,FALSE
preserving,2,0.000,FALSE,FALSE,FALSE
#highbartechnocrat,2,0.000,FALSE,FALSE,FALSE
#saveenvirnoment,2,0.000,FALSE,FALSE,FALSE
#saveplanet,2,0.000,FALSE,FALSE,FALSE
calling,2,0.000,FALSE,FALSE,FALSE
citzens,2,0.000,FALSE,FALSE,FALSE
#grenada,2,0.000,FALSE,FALSE,FALSE
underpin,2,0.000,FALSE,FALSE,FALSE
revered,2,0.000,FALSE,FALSE,FALSE
#naturalasset,2,0.000,FALSE,FALSE,FALSE
f,2,0.000,FALSE,FALSE,FALSE
8r0eihpjoe,2,0.000,FALSE,FALSE,FALSE
#ersa2022,2,0.000,FALSE,FALSE,FALSE
papers,2,0.000,FALSE,FALSE,FALSE
01,2,0.000,FALSE,FALSE,FALSE
quantification,2,0.000,FALSE,FALSE,FALSE
pitfalls,2,0.000,FALSE,FALSE,FALSE
convenor,2,0.000,FALSE,FALSE,FALSE
dani,2,0.000,FALSE,FALSE,FALSE
broitman,2,0.000,FALSE,FALSE,FALSE
peat,2,0.000,FALSE,FALSE,FALSE
big,2,0.000,FALSE,FALSE,FALSE
issues,2,0.000,FALSE,TRUE,FALSE
meeting,2,0.000,FALSE,FALSE,FALSE
millions,2,0.000,FALSE,FALSE,FALSE
indirect,2,0.000,FALSE,FALSE,FALSE
uis,2,0.000,FALSE,FALSE,FALSE
massive,2,0.000,FALSE,FALSE,FALSE
takes,2,0.000,FALSE,FALSE,FALSE
account,2,0.000,FALSE,FALSE,FALSE
observed,2,0.000,FALSE,FALSE,FALSE
rapidly,2,0.000,FALSE,FALSE,FALSE
postgraduate,2,0.000,FALSE,FALSE,FALSE
uolgeography,2,0.000,FALSE,FALSE,FALSE
unmanaged,2,0.000,FALSE,FALSE,FALSE
realignments,2,0.000,FALSE,FALSE,FALSE
biofortification,2,0.000,FALSE,FALSE,FALSE
chickpea,2,0.000,FALSE,FALSE,FALSE
cicer,2,0.000,FALSE,FALSE,FALSE
arietinum,2,0.000,FALSE,FALSE,FALSE
arbuscular,2,0.000,FALSE,FALSE,FALSE
mycorrhizal,2,0.000,FALSE,FALSE,FALSE
fungi,2,0.000,FALSE,FALSE,FALSE
68,2,0.000,FALSE,FALSE,FALSE
uwaterloo,2,0.000,FALSE,FALSE,FALSE
southern,2,0.000,FALSE,FALSE,FALSE
energy,2,0.000,FALSE,FALSE,FALSE
regions,2,0.000,FALSE,FALSE,FALSE
freddie_poser,2,0.000,FALSE,FALSE,FALSE
sleguil,2,0.000,FALSE,FALSE,FALSE
properly,2,0.000,TRUE,FALSE,FALSE
simply,2,0.000,FALSE,FALSE,FALSE
stormwater,2,0.000,FALSE,FALSE,FALSE
retain,2,0.000,FALSE,FALSE,FALSE
beaver,2,0.000,FALSE,FALSE,FALSE
includes,2,0.000,FALSE,FALSE,FALSE
nonprofit,2,0.000,FALSE,FALSE,FALSE
close,2,0.000,FALSE,FALSE,FALSE
levels,2,0.000,FALSE,FALSE,FALSE
anyone,2,0.000,FALSE,FALSE,FALSE
note,2,0.000,FALSE,FALSE,FALSE
removed,2,0.000,FALSE,FALSE,FALSE
hedging,2,0.000,FALSE,FALSE,FALSE
inconsequential,2,0.000,FALSE,TRUE,FALSE
hedges,2,0.000,FALSE,FALSE,FALSE
routine,2,0.000,FALSE,FALSE,FALSE
communityplann1,2,0.000,FALSE,FALSE,FALSE
necessities,2,0.000,FALSE,FALSE,FALSE
wednesday4water,2,0.000,FALSE,FALSE,FALSE
terischool,2,0.000,FALSE,FALSE,FALSE
sdsnteri,2,0.000,FALSE,FALSE,FALSE
ecoclubtsas,2,0.000,FALSE,FALSE,FALSE
perceives,2,0.000,FALSE,FALSE,FALSE
detailed,2,0.000,FALSE,FALSE,FALSE
description,2,0.000,FALSE,FALSE,FALSE
uoglcb1ckg,2,0.000,FALSE,FALSE,FALSE
pdubeybhu11,2,0.000,FALSE,FALSE,FALSE
pcabhilash1,2,0.000,FALSE,FALSE,FALSE
vcofficebhu,2,0.000,FALSE,FALSE,FALSE
bhupro,2,0.000,FALSE,FALSE,FALSE
functionally,2,0.000,FALSE,FALSE,FALSE
zone,2,0.000,FALSE,FALSE,FALSE
amazon,2,0.000,FALSE,FALSE,FALSE
frontier,2,0.000,FALSE,FALSE,FALSE
preprint,2,0.000,FALSE,FALSE,FALSE
updated,2,0.000,FALSE,FALSE,FALSE
krdjrzurtl,2,0.000,FALSE,FALSE,FALSE
#climate,2,0.000,FALSE,FALSE,FALSE
evaluation,2,0.000,FALSE,FALSE,FALSE
geraldkutney,2,0.000,FALSE,FALSE,FALSE
ا,2,0.000,FALSE,FALSE,FALSE
hydrology,2,0.000,FALSE,FALSE,FALSE
chris_rlp,2,0.000,FALSE,FALSE,FALSE
glaciers,2,0.000,FALSE,FALSE,FALSE
peruvian,2,0.000,FALSE,FALSE,FALSE
temporal,2,0.000,FALSE,FALSE,FALSE
variability,2,0.000,FALSE,FALSE,FALSE
anthropogenic,2,0.000,FALSE,FALSE,FALSE
geographies,2,0.000,FALSE,FALSE,FALSE
context,2,0.000,FALSE,FALSE,FALSE
0,2,0.000,FALSE,FALSE,FALSE
avoid,2,0.000,FALSE,FALSE,FALSE
iconic,2,0.000,FALSE,FALSE,FALSE
mediated,2,0.000,FALSE,FALSE,FALSE
generations,2,0.000,FALSE,FALSE,FALSE
compensatory,2,0.000,FALSE,FALSE,FALSE
office,2,0.000,FALSE,FALSE,FALSE
thursday,2,0.000,FALSE,FALSE,FALSE
rehab,2,0.000,FALSE,FALSE,FALSE
left,2,0.000,FALSE,FALSE,FALSE
bank,2,0.000,FALSE,FALSE,FALSE
showing,2,0.000,FALSE,FALSE,FALSE
return,2,0.000,FALSE,FALSE,FALSE
malachite,2,0.000,FALSE,FALSE,FALSE
kingfishers,2,0.000,FALSE,FALSE,FALSE
seen,2,0.000,FALSE,FALSE,FALSE
30,2,0.000,FALSE,FALSE,FALSE
#dirpcm,2,0.000,FALSE,FALSE,FALSE
wcgoveadp,2,0.000,FALSE,FALSE,FALSE
ser_byu,2,0.000,FALSE,FALSE,FALSE
#ecologicalrestoration,2,0.000,FALSE,FALSE,FALSE
#waterislife,2,0.000,FALSE,FALSE,FALSE
year's,2,0.000,FALSE,FALSE,FALSE
resolution,2,0.000,FALSE,FALSE,FALSE
36,2,0.000,FALSE,FALSE,FALSE
#cbnrm,2,0.000,FALSE,FALSE,FALSE
strategies,2,0.000,FALSE,FALSE,FALSE
reel,2,0.000,FALSE,FALSE,FALSE
temperton_vicky,2,0.000,FALSE,FALSE,FALSE
loos_jac,2,0.000,FALSE,FALSE,FALSE
leuphana,2,0.000,FALSE,FALSE,FALSE
final,2,0.000,FALSE,FALSE,FALSE
farmland,2,0.000,FALSE,FALSE,FALSE
claudia,2,0.000,FALSE,FALSE,FALSE
luca,2,0.000,FALSE,FALSE,FALSE
adaptive,2,0.000,TRUE,FALSE,FALSE
transdisciplinary,2,0.000,FALSE,FALSE,FALSE
barcelona,2,0.000,FALSE,FALSE,FALSE
ecologysociety1,2,0.000,FALSE,FALSE,FALSE
unibo,2,0.000,FALSE,FALSE,FALSE
icta_uab,2,0.000,FALSE,FALSE,FALSE
sthlmresilience,2,0.000,FALSE,FALSE,FALSE
vubrussel,2,0.000,FALSE,FALSE,FALSE
#invest,2,0.000,FALSE,FALSE,FALSE
#valuation,2,0.000,FALSE,FALSE,FALSE
#tradeoffs,2,0.000,FALSE,FALSE,FALSE
suite,2,0.000,FALSE,FALSE,FALSE
#models,2,0.000,FALSE,FALSE,FALSE
#map,2,0.000,FALSE,FALSE,FALSE
#value,2,0.000,FALSE,FALSE,FALSE
#goodsandservices,2,0.000,FALSE,FALSE,FALSE
fulfill,2,0.000,FALSE,FALSE,FALSE
natcapproject,2,0.000,FALSE,FALSE,FALSE
#eco,2,0.000,FALSE,FALSE,FALSE
#shibarmy,2,0.000,FALSE,FALSE,FALSE
quantitative,2,0.000,FALSE,FALSE,FALSE
bellbowlprairie,2,0.000,FALSE,FALSE,FALSE
positions,2,0.000,FALSE,FALSE,FALSE
ngo,2,0.000,FALSE,FALSE,FALSE
collaboration,2,0.000,FALSE,FALSE,FALSE
elenabennett,2,0.000,FALSE,FALSE,FALSE
mgemitchell,2,0.000,FALSE,FALSE,FALSE
ricschuster,2,0.000,FALSE,FALSE,FALSE
bio_diverse,2,0.000,FALSE,FALSE,FALSE
#ncp,2,0.000,FALSE,FALSE,FALSE
recognising,2,0.000,FALSE,FALSE,FALSE
scaling,2,0.000,FALSE,FALSE,FALSE
village,2,0.000,FALSE,FALSE,FALSE
vcf,2,0.000,FALSE,FALSE,FALSE
#climatejustice,2,0.000,FALSE,FALSE,FALSE
undpclimate,2,0.000,FALSE,FALSE,FALSE
nature_org,2,0.000,FALSE,FALSE,FALSE
2crazylive,2,0.000,FALSE,FALSE,FALSE
binance,2,0.000,FALSE,FALSE,FALSE
mchalmers15,2,0.000,FALSE,FALSE,FALSE
2crz,2,0.000,FALSE,FALSE,FALSE
swapleonicorn,2,0.000,FALSE,FALSE,FALSE
chainlink,2,0.000,FALSE,FALSE,FALSE
oceans,2,0.000,FALSE,FALSE,FALSE
near,2,0.000,FALSE,FALSE,FALSE
#climateregulator,2,0.000,FALSE,FALSE,FALSE
vulnerability,2,0.000,FALSE,FALSE,FALSE
dollar,2,0.000,FALSE,FALSE,FALSE
mechanism,2,0.000,FALSE,FALSE,FALSE
evidence,2,0.000,FALSE,FALSE,FALSE
concern,2,0.000,FALSE,TRUE,FALSE
main,2,0.000,FALSE,FALSE,FALSE
worked,2,0.000,TRUE,FALSE,FALSE
hamiltonnature,2,0.000,FALSE,FALSE,FALSE
expand,2,0.000,FALSE,FALSE,FALSE
realizing,2,0.000,FALSE,FALSE,FALSE
importants,2,0.000,FALSE,FALSE,FALSE
plays,2,0.000,FALSE,FALSE,FALSE
interest,2,0.000,FALSE,FALSE,FALSE
#trees,2,0.000,FALSE,FALSE,FALSE
actually,2,0.000,FALSE,FALSE,FALSE
investments,2,0.000,FALSE,FALSE,FALSE
grain,2,0.000,FALSE,FALSE,FALSE
demands,2,0.000,FALSE,FALSE,FALSE
#agtwitter,2,0.000,FALSE,FALSE,FALSE
#perennialgrains,2,0.000,FALSE,FALSE,FALSE
#regenerativeagriculture,2,0.000,FALSE,FALSE,FALSE
os,2,0.000,FALSE,FALSE,FALSE
presento,2,0.000,FALSE,FALSE,FALSE
mi,2,0.000,FALSE,FALSE,FALSE
nuevo,2,0.000,FALSE,FALSE,FALSE
retoño,2,0.000,FALSE,FALSE,FALSE
recién,2,0.000,FALSE,FALSE,FALSE
publicado,2,0.000,FALSE,FALSE,FALSE
donde,2,0.000,FALSE,FALSE,FALSE
exploramos,2,0.000,FALSE,FALSE,FALSE
relación,2,0.000,FALSE,FALSE,FALSE
entre,2,0.000,FALSE,FALSE,FALSE
#despoblación,2,0.000,FALSE,FALSE,FALSE
usos,2,0.000,FALSE,FALSE,FALSE
suelo,2,0.000,FALSE,FALSE,FALSE
provisión,2,0.000,FALSE,FALSE,FALSE
ecosistémicos,2,0.000,FALSE,FALSE,FALSE
tres,2,0.000,FALSE,FALSE,FALSE
zonas,2,0.000,FALSE,FALSE,FALSE
#aragón,2,0.000,FALSE,FALSE,FALSE
baja,2,0.000,FALSE,FALSE,FALSE
densidad,2,0.000,FALSE,FALSE,FALSE
población,2,0.000,FALSE,FALSE,FALSE
smitholiviam,2,0.000,FALSE,FALSE,FALSE
diversification,2,0.000,FALSE,FALSE,FALSE
ornithoale,2,0.000,FALSE,FALSE,FALSE
jebpowen,2,0.000,FALSE,FALSE,FALSE
birdsnbugs,2,0.000,FALSE,FALSE,FALSE
eeb_msu,2,0.000,FALSE,FALSE,FALSE
msu_ibio,2,0.000,FALSE,FALSE,FALSE
#susinterestingpaper,2,0.000,FALSE,FALSE,FALSE
implementing,2,0.000,FALSE,FALSE,FALSE
hawken,2,0.000,FALSE,FALSE,FALSE
sghawken,2,0.000,FALSE,FALSE,FALSE
homa_r86,2,0.000,FALSE,FALSE,FALSE
larry79115,2,0.000,FALSE,FALSE,FALSE
power,2,0.000,FALSE,FALSE,FALSE
heat,2,0.000,FALSE,FALSE,FALSE
engine,2,0.000,FALSE,FALSE,FALSE
introduce,2,0.000,FALSE,FALSE,FALSE
measurements,2,0.000,FALSE,FALSE,FALSE
negatives,2,0.000,FALSE,TRUE,FALSE
welfare,2,0.000,FALSE,FALSE,FALSE
objective,2,0.000,FALSE,FALSE,FALSE
corporate,2,0.000,FALSE,FALSE,FALSE
profits,2,0.000,FALSE,FALSE,FALSE
lt,2,0.000,FALSE,FALSE,FALSE
generate,2,0.000,FALSE,FALSE,FALSE
disturbances,2,0.000,FALSE,FALSE,FALSE
#eeb_msu,2,0.000,FALSE,FALSE,FALSE
tiger,2,0.000,FALSE,FALSE,FALSE
plethora,2,0.000,FALSE,FALSE,FALSE
mankind,2,0.000,FALSE,FALSE,FALSE
union,2,0.000,FALSE,FALSE,FALSE
byadavbjp,2,0.000,FALSE,FALSE,FALSE
india,2,0.000,FALSE,FALSE,FALSE
statement,2,0.000,FALSE,FALSE,FALSE
fourth,2,0.000,FALSE,FALSE,FALSE
ministerial,2,0.000,FALSE,FALSE,FALSE
#tigerconservation,2,0.000,FALSE,FALSE,FALSE
vkxwa3q73k,2,0.000,FALSE,FALSE,FALSE
honored,2,0.000,TRUE,FALSE,FALSE
distinguished,2,0.000,TRUE,FALSE,FALSE
deserved,2,0.000,FALSE,FALSE,FALSE
duke,2,0.000,FALSE,FALSE,FALSE
regenfdn,2,0.000,FALSE,FALSE,FALSE
cosmossdk,2,0.000,FALSE,FALSE,FALSE
27,2,0.000,FALSE,FALSE,FALSE
h,2,0.000,FALSE,FALSE,FALSE
speaker,2,0.000,FALSE,FALSE,FALSE
hung,2,0.000,FALSE,TRUE,FALSE
vuong,2,0.000,FALSE,FALSE,FALSE
pham,2,0.000,FALSE,FALSE,FALSE
raas,2,0.000,FALSE,FALSE,FALSE
ca',2,0.000,FALSE,FALSE,FALSE
foscari,2,0.000,FALSE,FALSE,FALSE
venice,2,0.000,FALSE,FALSE,FALSE
moderator,2,0.000,FALSE,FALSE,FALSE
guido,2,0.000,FALSE,FALSE,FALSE
rianna,2,0.000,FALSE,FALSE,FALSE
remhi,2,0.000,FALSE,FALSE,FALSE
cafoscari,2,0.000,FALSE,FALSE,FALSE
guido80r,2,0.000,FALSE,FALSE,FALSE
#wbtc1,2,0.000,FALSE,FALSE,FALSE
#conserve1,2,0.000,FALSE,FALSE,FALSE
question,2,0.000,FALSE,FALSE,FALSE
framing,2,0.000,FALSE,FALSE,FALSE
bats,2,0.000,FALSE,FALSE,FALSE
266,2,0.000,FALSE,FALSE,FALSE
virological,2,0.000,FALSE,FALSE,FALSE
precovid,2,0.000,FALSE,FALSE,FALSE
showed,2,0.000,FALSE,FALSE,FALSE
#bats,2,0.000,FALSE,FALSE,FALSE
described,2,0.000,FALSE,FALSE,FALSE
51,2,0.000,FALSE,FALSE,FALSE
generally,2,0.000,FALSE,FALSE,FALSE
disregarded,2,0.000,FALSE,FALSE,FALSE
96,2,0.000,FALSE,FALSE,FALSE
wbqvqekq3l,2,0.000,FALSE,FALSE,FALSE
opportunity,2,0.000,FALSE,FALSE,FALSE
johnfinn310,2,0.000,FALSE,FALSE,FALSE
soilguard_h2020,2,0.000,FALSE,FALSE,FALSE
teagascenviron,2,0.000,FALSE,FALSE,FALSE
closing,2,0.000,FALSE,FALSE,FALSE
28,2,0.000,FALSE,FALSE,FALSE
press,2,0.000,FALSE,FALSE,FALSE
#openaccess,2,0.000,FALSE,FALSE,FALSE
marcuslindner_,2,0.000,FALSE,FALSE,FALSE
marcpalahi,2,0.000,FALSE,FALSE,FALSE
rooting,2,0.000,FALSE,FALSE,FALSE
ajmiller4233,2,0.000,FALSE,FALSE,FALSE
december,2,0.000,FALSE,FALSE,FALSE
#worldsoilday,2,0.000,FALSE,FALSE,FALSE
quarter,2,0.000,FALSE,FALSE,FALSE
severely,2,0.000,FALSE,FALSE,FALSE
fertile,2,0.000,TRUE,FALSE,FALSE
asset,2,0.000,FALSE,FALSE,FALSE
beneath,2,0.000,FALSE,FALSE,FALSE
feet,2,0.000,FALSE,FALSE,FALSE
irreplaceable,2,0.000,TRUE,FALSE,FALSE
woodland,2,0.000,FALSE,FALSE,FALSE
investigates,2,0.000,FALSE,FALSE,FALSE
chapter,2,0.000,FALSE,FALSE,FALSE
luisa,2,0.000,FALSE,FALSE,FALSE
fontura,2,0.000,FALSE,FALSE,FALSE
's,2,0.000,FALSE,FALSE,FALSE
mainambui,2,0.000,FALSE,FALSE,FALSE
elizmadin,2,0.000,FALSE,FALSE,FALSE
dbarneche,2,0.000,FALSE,FALSE,FALSE
gamoyo,2,0.000,FALSE,FALSE,FALSE
o,2,0.000,FALSE,FALSE,FALSE
luiz,2,0.000,FALSE,FALSE,FALSE
eggertsen,2,0.000,FALSE,FALSE,FALSE
french,2,0.000,FALSE,FALSE,FALSE
#groundedinsoil,2,0.000,FALSE,FALSE,FALSE
winning,2,0.000,TRUE,FALSE,FALSE
sfi,2,0.000,FALSE,FALSE,FALSE
assistant,2,0.000,FALSE,FALSE,FALSE
soon,2,0.000,FALSE,FALSE,FALSE
pls,2,0.000,FALSE,FALSE,FALSE
rt,2,0.000,FALSE,FALSE,FALSE
